291u,118i,2
287u,327i,5
276u,54i,3
291u,144i,5
279u,154i,5
265u,118i,4
259u,117i,4
172u,177i,4
5u,2i,3
276u,322i,3
130u,216i,4
92u,77i,3
259u,255i,4
92u,172i,4
279u,68i,4
119u,237i,5
297u,133i,4
275u,98i,4
119u,222i,5
145u,237i,5
23u,385i,4
145u,15i,2
1u,160i,4
23u,323i,2
276u,2i,4
92u,229i,3
268u,62i,3
268u,436i,3
5u,17i,4
23u,196i,2
291u,80i,4
287u,1i,5
221u,475i,4
92u,168i,4
130u,109i,3
276u,57i,3
21u,370i,1
276u,142i,3
119u,382i,5
21u,222i,2
276u,40i,3
279u,399i,4
118u,200i,5
276u,70i,4
276u,417i,4
1u,202i,5
207u,13i,3
5u,225i,2
276u,188i,4
276u,64i,5
276u,181i,5
92u,121i,5
21u,440i,1
188u,143i,5
276u,294i,4
21u,129i,4
113u,126i,5
279u,122i,1
297u,57i,5
21u,447i,5
221u,48i,5
5u,110i,1
24u,64i,5
145u,56i,5
21u,164i,5
297u,89i,4
1u,117i,3
275u,418i,3
297u,73i,2
24u,191i,5
188u,443i,4
276u,324i,4
291u,418i,4
297u,275i,5
297u,234i,3
291u,376i,3
276u,419i,5
279u,168i,5
297u,233i,2
172u,220i,4
21u,324i,4
297u,25i,4
1u,47i,4
76u,61i,4
291u,15i,5
188u,237i,3
188u,96i,5
297u,432i,4
279u,89i,4
5u,424i,1
23u,463i,4
5u,1i,4
276u,357i,5
130u,234i,5
92u,241i,3
279u,96i,4
1u,253i,5
291u,428i,5
5u,363i,3
76u,175i,4
35u,243i,2
287u,252i,1
145u,22i,5
23u,381i,4
265u,471i,4
92u,176i,5
92u,180i,5
287u,294i,5
92u,216i,3
118u,475i,5
291u,7i,5
291u,70i,4
24u,367i,2
92u,115i,3
188u,218i,5
276u,273i,4
172u,462i,3
145u,472i,3
92u,15i,3
1u,17i,3
92u,81i,3
221u,327i,4
276u,157i,5
279u,79i,3
276u,226i,4
297u,182i,3
23u,172i,4
5u,211i,4
92u,24i,3
276u,38i,3
21u,103i,1
92u,219i,4
5u,382i,5
21u,98i,5
21u,299i,1
21u,457i,1
291u,250i,4
291u,471i,4
297u,218i,3
276u,246i,4
67u,64i,5
291u,214i,4
276u,43i,1
275u,173i,3
130u,245i,1
145u,260i,4
287u,257i,4
279u,491i,5
145u,393i,5
276u,180i,5
5u,62i,4
5u,231i,2
1u,64i,5
275u,258i,3
268u,470i,3
221u,69i,4
268u,52i,3
207u,121i,3
92u,289i,3
67u,147i,3
92u,106i,3
276u,406i,2
23u,170i,4
276u,384i,3
291u,226i,5
287u,249i,5
221u,204i,4
279u,65i,1
279u,42i,4
276u,291i,3
291u,466i,5
92u,79i,4
5u,407i,3
268u,135i,4
287u,11i,5
21u,184i,4
145u,183i,5
287u,56i,5
145u,13i,5
291u,54i,4
172u,488i,3
268u,83i,4
145u,299i,4
297u,286i,5
145u,460i,1
276u,85i,3
279u,393i,1
119u,213i,5
30u,82i,4
268u,42i,4
291u,159i,4
291u,366i,3
207u,98i,4
291u,77i,4
5u,423i,4
297u,198i,3
276u,11i,5
287u,92i,4
276u,104i,1
130u,200i,5
21u,298i,5
188u,474i,4
23u,404i,4
76u,135i,5
188u,191i,3
1u,121i,4
221u,468i,3
207u,14i,4
279u,163i,5
1u,114i,5
67u,1i,3
291u,99i,4
1u,134i,4
188u,88i,4
291u,273i,3
297u,216i,4
276u,429i,5
297u,20i,4
1u,98i,4
268u,205i,5
279u,174i,4
1u,186i,4
276u,401i,3
23u,213i,3
297u,202i,3
24u,153i,4
268u,425i,4
291u,385i,4
291u,324i,1
188u,159i,3
24u,427i,5
5u,384i,3
221u,172i,5
130u,56i,5
145u,411i,2
265u,7i,2
259u,210i,4
23u,183i,3
221u,250i,5
92u,134i,4
145u,278i,4
221u,318i,5
1u,84i,4
1u,31i,3
297u,443i,2
5u,267i,4
291u,460i,5
1u,70i,3
76u,276i,5
30u,181i,4
291u,122i,3
92u,175i,4
1u,60i,5
279u,382i,4
119u,154i,5
300u,243i,4
297u,22i,4
276u,58i,4
268u,432i,3
145u,25i,2
297u,300i,3
259u,405i,3
276u,318i,5
157u,150i,5
276u,76i,4
1u,260i,1
5u,167i,2
67u,240i,5
118u,174i,5
118u,433i,5
188u,204i,4
130u,204i,5
1u,145i,2
1u,174i,5
291u,53i,5
1u,159i,3
92u,431i,4
23u,215i,2
291u,168i,5
279u,275i,3
1u,56i,4
188u,234i,4
265u,279i,2
21u,445i,3
259u,176i,4
297u,223i,5
188u,357i,4
5u,222i,4
291u,17i,4
276u,56i,5
67u,405i,5
130u,50i,5
297u,282i,3
276u,176i,5
276u,66i,3
265u,472i,3
21u,295i,3
287u,218i,5
276u,207i,4
23u,88i,3
5u,403i,3
21u,218i,4
23u,90i,2
21u,439i,1
276u,250i,4
145u,109i,4
291u,147i,4
297u,277i,3
221u,17i,4
5u,173i,4
297u,480i,4
1u,235i,5
268u,404i,4
297u,194i,3
297u,86i,5
279u,67i,4
291u,410i,5
130u,55i,5
1u,120i,1
113u,321i,3
24u,372i,4
297u,12i,5
21u,424i,1
119u,275i,5
118u,324i,4
221u,100i,5
119u,193i,4
23u,83i,4
221u,32i,4
291u,421i,4
221u,467i,4
275u,202i,3
221u,39i,4
119u,235i,5
279u,13i,3
21u,56i,5
297u,97i,5
21u,106i,2
346u,213i,3
221u,92i,4
1u,104i,1
21u,288i,3
76u,100i,5
35u,242i,2
279u,415i,3
118u,176i,5
279u,202i,4
297u,475i,5
145u,203i,5
118u,156i,5
268u,16i,3
113u,262i,2
76u,258i,3
145u,286i,3
92u,123i,2
207u,294i,3
5u,154i,3
268u,228i,4
1u,185i,4
21u,219i,5
188u,69i,4
188u,7i,5
342u,288i,5
276u,463i,4
291u,455i,5
1u,96i,5
276u,147i,4
188u,211i,4
300u,322i,4
119u,86i,4
276u,448i,4
92u,42i,4
265u,328i,4
23u,228i,4
130u,228i,4
145u,185i,4
297u,98i,5
24u,129i,3
92u,48i,4
130u,222i,4
21u,217i,3
276u,22i,5
279u,167i,3
5u,42i,5
287u,39i,5
297u,56i,5
188u,173i,5
119u,486i,4
188u,210i,4
291u,175i,2
279u,408i,5
276u,456i,2
23u,421i,5
130u,357i,5
23u,28i,3
1u,81i,5
279u,412i,3
5u,422i,4
291u,470i,3
346u,245i,4
276u,249i,4
130u,374i,4
346u,62i,3
346u,4i,4
145u,281i,4
268u,31i,4
342u,132i,5
346u,187i,3
23u,99i,4
276u,290i,4
118u,185i,5
1u,212i,4
342u,25i,2
297u,157i,2
119u,87i,5
188u,233i,3
1u,143i,1
297u,250i,1
119u,472i,4
1u,151i,4
130u,12i,4
297u,50i,5
275u,89i,3
188u,195i,3
268u,403i,4
291u,396i,4
276u,229i,3
92u,423i,3
300u,328i,3
76u,59i,4
276u,63i,3
21u,234i,5
342u,427i,4
268u,483i,5
24u,25i,4
221u,257i,4
287u,156i,5
145u,159i,4
276u,81i,4
130u,22i,5
291u,379i,3
1u,175i,5
346u,33i,5
24u,477i,5
297u,79i,3
130u,150i,5
346u,218i,3
346u,17i,1
207u,183i,2
23u,32i,3
276u,117i,4
291u,237i,4
119u,12i,3
265u,409i,3
221u,129i,5
346u,232i,3
259u,12i,5
268u,265i,3
1u,107i,4
346u,392i,3
346u,167i,2
92u,183i,4
92u,318i,2
337u,106i,2
276u,77i,3
119u,188i,4
268u,82i,3
291u,41i,4
297u,135i,4
291u,101i,4
297u,175i,4
276u,46i,3
276u,265i,4
23u,419i,3
276u,231i,3
279u,464i,4
67u,121i,4
188u,148i,4
76u,474i,5
92u,196i,4
276u,164i,4
188u,13i,4
172u,485i,3
346u,237i,4
297u,448i,3
342u,156i,4
297u,238i,5
297u,235i,2
346u,133i,5
279u,175i,5
291u,56i,5
5u,90i,3
291u,365i,3
207u,188i,3
291u,4i,4
21u,292i,3
67u,151i,4
297u,116i,4
76u,421i,3
5u,153i,5
221u,53i,4
24u,275i,5
291u,155i,3
268u,232i,3
279u,147i,4
291u,154i,4
279u,4i,4
342u,237i,4
276u,276i,4
5u,411i,1
1u,108i,5
1u,262i,3
92u,273i,4
145u,44i,5
276u,69i,4
21u,325i,4
279u,195i,4
279u,24i,5
67u,276i,4
276u,432i,5
92u,471i,4
76u,150i,5
5u,109i,5
291u,46i,4
337u,257i,3
279u,207i,5
5u,230i,3
297u,7i,4
23u,405i,4
188u,98i,5
118u,23i,5
188u,38i,3
119u,385i,5
188u,77i,4
279u,173i,5
145u,105i,2
337u,230i,5
265u,181i,2
1u,14i,5
92u,88i,3
188u,205i,3
1u,97i,3
346u,72i,3
276u,121i,4
92u,32i,3
119u,274i,4
172u,478i,3
188u,419i,5
1u,163i,4
265u,15i,3
291u,174i,5
342u,175i,5
23u,380i,5
113u,327i,5
287u,111i,3
287u,240i,2
92u,189i,4
92u,191i,4
342u,191i,5
118u,436i,5
291u,72i,4
5u,227i,4
342u,56i,5
21u,121i,1
92u,31i,4
92u,11i,4
23u,229i,3
1u,184i,4
291u,28i,4
265u,125i,4
268u,209i,4
92u,98i,5
76u,64i,5
297u,273i,4
30u,255i,4
297u,143i,5
172u,183i,5
119u,109i,5
5u,397i,2
268u,357i,4
297u,257i,3
342u,257i,2
113u,322i,3
24u,178i,5
291u,179i,5
279u,432i,3
276u,141i,4
279u,1i,3
1u,183i,5
221u,128i,3
297u,102i,1
297u,173i,4
279u,209i,5
346u,134i,5
145u,5i,3
275u,300i,4
291u,496i,5
279u,265i,5
5u,100i,5
23u,427i,5
119u,174i,4
188u,326i,3
276u,449i,2
5u,143i,3
1u,248i,4
118u,184i,5
342u,240i,3
195u,67i,2
268u,91i,3
1u,128i,4
188u,79i,5
276u,418i,4
342u,95i,4
145u,273i,5
276u,436i,4
92u,214i,4
113u,319i,2
287u,461i,5
300u,261i,3
291u,156i,5
279u,90i,3
346u,415i,2
287u,301i,3
337u,371i,4
276u,450i,1
342u,58i,5
5u,176i,3
113u,242i,2
276u,4i,4
346u,128i,2
76u,197i,5
342u,189i,5
130u,284i,2
113u,324i,2
279u,290i,4
259u,108i,4
276u,420i,4
276u,404i,4
291u,48i,5
92u,238i,5
276u,232i,3
1u,148i,2
291u,383i,2
145u,7i,5
268u,182i,4
157u,1i,5
67u,472i,4
275u,95i,3
145u,39i,4
279u,105i,4
92u,161i,2
21u,118i,1
172u,430i,3
188u,485i,3
118u,474i,5
119u,250i,2
346u,31i,4
92u,215i,4
342u,108i,4
259u,357i,5
188u,56i,4
291u,66i,4
398u,181i,4
279u,63i,3
265u,477i,3
21u,441i,3
24u,294i,3
291u,375i,1
398u,69i,5
24u,286i,5
275u,102i,3
1u,264i,2
130u,496i,5
279u,214i,3
92u,96i,4
92u,393i,3
119u,199i,5
276u,168i,5
398u,481i,3
268u,474i,5
145u,406i,3
259u,200i,4
67u,7i,5
145u,327i,5
24u,258i,4
276u,209i,4
268u,169i,5
1u,236i,4
24u,318i,5
92u,46i,4
113u,277i,3
346u,76i,4
5u,417i,3
342u,204i,4
279u,384i,4
1u,252i,2
92u,201i,3
279u,80i,4
342u,4i,4
221u,118i,1
259u,98i,4
119u,105i,2
268u,382i,3
130u,322i,4
207u,144i,3
297u,267i,3
297u,195i,1
1u,180i,3
23u,13i,4
398u,12i,3
337u,135i,5
342u,32i,5
130u,358i,4
188u,209i,2
30u,294i,4
297u,245i,3
276u,317i,4
207u,194i,4
287u,248i,5
23u,209i,5
5u,79i,3
145u,3i,3
279u,208i,5
346u,210i,4
276u,145i,3
92u,463i,4
23u,71i,3
1u,250i,4
188u,392i,5
279u,250i,3
342u,483i,4
1u,85i,3
130u,286i,5
279u,121i,4
92u,173i,3
342u,100i,5
221u,231i,4
276u,471i,4
188u,216i,5
268u,183i,4
279u,117i,5
92u,53i,3
221u,265i,3
265u,410i,4
407u,433i,4
118u,218i,5
5u,429i,3
119u,182i,4
5u,385i,4
407u,205i,4
398u,423i,5
297u,209i,4
130u,28i,4
276u,210i,4
92u,135i,4
130u,174i,5
291u,218i,4
35u,259i,4
276u,68i,4
291u,188i,3
130u,99i,5
276u,127i,5
398u,50i,5
265u,257i,4
279u,391i,5
67u,122i,3
5u,372i,3
291u,395i,3
407u,50i,4
113u,286i,4
291u,89i,3
268u,206i,3
221u,70i,3
276u,214i,5
152u,286i,5
276u,41i,3
265u,258i,4
5u,144i,3
276u,470i,3
407u,211i,4
276u,288i,4
23u,98i,5
346u,291i,5
337u,235i,3
188u,202i,2
291u,106i,4
221u,496i,3
1u,130i,3
92u,475i,5
276u,156i,5
268u,385i,3
291u,356i,4
221u,161i,3
276u,125i,4
5u,393i,2
342u,274i,2
398u,144i,5
145u,216i,5
307u,408i,5
76u,23i,5
24u,56i,4
276u,171i,4
23u,143i,3
130u,69i,5
118u,22i,5
291u,143i,3
342u,255i,4
23u,133i,4
268u,181i,4
21u,326i,5
5u,413i,3
130u,298i,5
297u,423i,3
291u,401i,4
279u,411i,3
268u,211i,4
5u,89i,5
92u,220i,1
300u,257i,4
422u,109i,2
145u,79i,5
346u,158i,2
119u,117i,5
276u,169i,5
279u,25i,5
188u,127i,4
398u,15i,5
342u,220i,1
337u,229i,3
67u,123i,4
276u,408i,5
92u,223i,5
346u,174i,5
1u,118i,3
113u,246i,5
398u,357i,4
21u,245i,1
346u,83i,4
145u,470i,5
145u,100i,5
279u,236i,5
297u,24i,4
291u,49i,4
276u,379i,3
21u,100i,5
92u,164i,4
407u,217i,4
1u,24i,3
342u,297i,3
172u,178i,3
287u,28i,5
407u,428i,3
21u,319i,2
24u,216i,4
24u,100i,5
297u,204i,3
92u,276i,5
398u,284i,2
23u,219i,1
5u,80i,2
407u,194i,4
279u,59i,4
23u,238i,5
276u,5i,3
92u,101i,2
145u,51i,3
24u,475i,4
130u,255i,4
130u,168i,3
130u,173i,3
21u,328i,3
5u,433i,5
279u,233i,5
287u,276i,4
287u,117i,5
346u,143i,3
1u,196i,5
119u,254i,2
92u,89i,5
145u,212i,2
145u,265i,5
21u,473i,3
76u,286i,5
23u,70i,2
21u,242i,3
276u,206i,5
1u,39i,4
297u,95i,3
92u,403i,4
297u,128i,4
297u,108i,4
221u,154i,3
346u,94i,3
287u,201i,5
297u,183i,4
130u,288i,5
297u,231i,3
398u,31i,3
346u,121i,4
398u,228i,5
268u,98i,4
297u,471i,3
130u,111i,5
276u,135i,5
398u,276i,4
21u,448i,4
342u,92i,4
1u,36i,2
23u,189i,5
422u,325i,2
92u,154i,4
21u,294i,3
276u,186i,5
157u,293i,5
276u,118i,3
342u,129i,5
118u,164i,5
35u,322i,3
118u,32i,5
398u,64i,4
92u,203i,4
1u,23i,4
268u,168i,4
188u,66i,3
342u,287i,3
92u,62i,3
337u,450i,2
30u,231i,2
1u,224i,5
297u,129i,4
275u,101i,4
221u,173i,4
188u,161i,3
279u,465i,5
119u,455i,4
118u,193i,5
279u,73i,4
422u,258i,4
346u,53i,1
407u,174i,5
265u,151i,2
207u,161i,4
287u,98i,4
118u,17i,3
422u,126i,4
291u,294i,5
276u,204i,5
297u,197i,3
276u,101i,4
297u,293i,3
188u,181i,3
276u,223i,5
5u,428i,5
279u,248i,4
221u,4i,3
23u,1i,5
268u,134i,5
188u,240i,1
119u,100i,5
24u,109i,3
188u,185i,4
1u,65i,4
130u,243i,2
1u,190i,5
407u,157i,2
346u,455i,3
76u,98i,5
342u,179i,5
221u,24i,5
268u,101i,2
268u,238i,3
188u,164i,4
422u,273i,5
276u,423i,5
346u,241i,4
207u,100i,2
297u,201i,4
346u,265i,4
21u,291i,3
407u,117i,3
397u,261i,1
300u,100i,3
265u,300i,5
21u,258i,4
92u,22i,3
342u,122i,4
172u,483i,3
398u,234i,4
342u,143i,5
407u,200i,4
342u,13i,3
221u,476i,2
276u,409i,3
21u,148i,1
118u,421i,4
276u,8i,4
5u,369i,1
268u,55i,4
1u,243i,1
221u,3i,4
291u,384i,4
291u,24i,5
407u,493i,3
342u,134i,4
24u,9i,5
268u,194i,4
21u,396i,2
145u,258i,4
268u,198i,4
297u,326i,2
407u,238i,5
297u,435i,3
422u,276i,5
92u,28i,3
1u,214i,4
5u,435i,4
291u,244i,2
221u,258i,1
452u,25i,2
342u,23i,5
297u,137i,5
221u,461i,4
407u,478i,4
291u,181i,5
5u,214i,3
291u,92i,4
118u,134i,5
118u,217i,3
24u,358i,3
268u,233i,3
407u,68i,4
1u,161i,4
5u,364i,1
452u,152i,2
346u,186i,3
279u,40i,4
30u,7i,4
452u,495i,4
337u,121i,5
268u,97i,4
92u,410i,3
130u,295i,3
5u,209i,5
297u,70i,5
452u,134i,3
130u,202i,5
397u,327i,2
21u,327i,3
119u,282i,5
92u,412i,2
130u,68i,5
145u,431i,5
221u,403i,4
92u,209i,5
307u,82i,4
5u,391i,4
23u,50i,4
287u,208i,4
297u,118i,3
342u,160i,3
24u,117i,4
287u,250i,3
76u,327i,3
287u,298i,4
130u,433i,3
221u,76i,4
276u,154i,4
397u,322i,1
21u,452i,4
346u,176i,4
76u,89i,4
1u,188i,3
92u,2i,3
221u,109i,2
422u,477i,4
35u,332i,4
1u,69i,3
92u,367i,3
259u,317i,5
92u,73i,3
221u,33i,4
297u,222i,4
119u,322i,4
23u,357i,3
207u,79i,4
297u,47i,2
291u,284i,4
276u,198i,5
23u,109i,3
21u,320i,3
268u,288i,4
291u,288i,5
297u,69i,3
92u,82i,2
279u,407i,4
5u,381i,1
279u,156i,4
92u,56i,5
407u,179i,3
346u,147i,4
276u,325i,3
297u,53i,3
346u,132i,4
145u,259i,3
422u,1i,3
92u,208i,4
422u,100i,4
276u,98i,5
468u,461i,4
276u,258i,5
422u,358i,2
297u,447i,4
1u,246i,5
268u,10i,4
268u,47i,1
265u,237i,5
407u,432i,4
145u,150i,5
276u,451i,3
113u,323i,4
346u,394i,4
342u,111i,3
145u,242i,5
221u,64i,5
452u,89i,5
346u,22i,5
92u,167i,3
23u,95i,4
24u,127i,5
337u,222i,5
1u,22i,4
119u,50i,5
276u,153i,4
5u,21i,3
297u,17i,3
407u,56i,5
276u,380i,3
24u,249i,4
23u,408i,5
407u,371i,2
21u,123i,4
276u,197i,5
342u,123i,5
300u,456i,4
1u,179i,3
21u,453i,2
342u,248i,3
21u,263i,1
407u,173i,5
92u,153i,4
221u,385i,4
268u,195i,4
407u,69i,4
265u,323i,3
291u,9i,5
268u,241i,3
118u,180i,5
259u,185i,4
5u,451i,1
291u,420i,4
291u,412i,3
24u,300i,4
279u,367i,3
342u,209i,5
276u,86i,3
276u,396i,4
291u,448i,5
118u,288i,5
92u,117i,4
5u,430i,5
468u,39i,3
346u,110i,2
407u,2i,4
1u,187i,4
452u,69i,5
346u,273i,4
279u,274i,3
21u,17i,4
342u,133i,4
23u,175i,5
221u,470i,3
422u,50i,4
398u,182i,4
342u,15i,3
1u,135i,4
268u,227i,4
268u,480i,5
422u,181i,4
468u,209i,5
24u,55i,5
346u,431i,5
92u,234i,4
287u,200i,4
188u,483i,5
5u,135i,4
342u,28i,2
92u,29i,3
23u,202i,3
422u,15i,3
276u,426i,3
291u,285i,4
279u,234i,2
468u,69i,4
5u,449i,2
5u,226i,3
76u,216i,4
113u,328i,5
1u,68i,4
276u,108i,3
279u,396i,3
5u,401i,5
188u,226i,3
35u,261i,3
422u,293i,3
346u,157i,3
276u,473i,4
221u,23i,4
276u,410i,4
291u,5i,5
5u,405i,3
1u,146i,4
279u,16i,4
279u,398i,4
346u,29i,4
92u,294i,3
21u,201i,5
468u,405i,2
452u,185i,5
346u,173i,3
398u,126i,4
398u,134i,3
23u,14i,4
24u,238i,5
1u,166i,5
279u,10i,4
468u,294i,3
346u,89i,4
490u,1i,3
490u,333i,3
92u,231i,3
119u,96i,5
1u,247i,1
398u,485i,5
1u,89i,5
490u,9i,4
422u,235i,2
92u,198i,5
268u,71i,3
76u,324i,4
468u,31i,3
468u,51i,3
398u,95i,5
452u,173i,4
422u,410i,5
21u,322i,3
490u,284i,3
23u,414i,3
23u,124i,5
291u,8i,4
291u,238i,5
468u,71i,5
468u,283i,4
297u,265i,3
346u,7i,2
268u,33i,3
130u,299i,3
452u,420i,3
287u,50i,5
279u,372i,4
92u,91i,3
145u,300i,3
23u,132i,4
5u,257i,5
23u,275i,5
130u,423i,5
346u,141i,4
21u,300i,3
207u,23i,4
297u,114i,5
279u,70i,1
276u,240i,4
30u,259i,4
407u,185i,5
342u,282i,1
276u,402i,3
291u,31i,4
276u,79i,4
346u,215i,3
291u,290i,4
452u,171i,4
407u,448i,4
145u,202i,4
346u,117i,4
297u,8i,5
275u,154i,2
279u,146i,1
188u,498i,5
92u,240i,2
346u,12i,5
188u,28i,3
92u,71i,5
92u,12i,5
5u,25i,3
130u,248i,3
221u,218i,4
207u,298i,3
346u,50i,5
5u,186i,5
268u,229i,2
279u,283i,3
422u,222i,4
279u,181i,3
92u,92i,4
221u,386i,3
342u,223i,4
452u,498i,4
118u,7i,5
5u,432i,4
30u,2i,3
452u,96i,2
452u,483i,5
291u,469i,5
1u,249i,4
337u,471i,5
92u,54i,3
297u,302i,4
407u,227i,2
113u,7i,3
468u,498i,5
468u,4i,5
233u,192i,5
118u,223i,5
422u,324i,5
342u,301i,5
130u,246i,4
291u,367i,4
268u,4i,4
468u,116i,4
468u,469i,4
279u,128i,5
221u,298i,4
468u,411i,3
130u,235i,4
207u,276i,2
5u,229i,2
452u,207i,4
221u,7i,4
287u,237i,5
297u,430i,1
276u,415i,3
490u,257i,3
468u,23i,4
145u,156i,5
337u,127i,3
279u,132i,3
342u,26i,2
276u,192i,5
468u,249i,3
76u,7i,4
346u,300i,5
113u,424i,1
468u,13i,4
145u,363i,4
275u,71i,3
297u,154i,5
268u,226i,4
342u,423i,4
5u,183i,4
468u,258i,4
276u,62i,2
279u,401i,5
119u,56i,4
5u,29i,4
24u,180i,5
291u,33i,4
23u,100i,5
92u,218i,4
113u,124i,3
118u,79i,5
346u,38i,3
21u,413i,2
468u,285i,4
275u,99i,3
145u,23i,4
346u,180i,5
221u,358i,3
279u,444i,3
118u,132i,4
291u,140i,4
221u,156i,5
5u,392i,2
265u,298i,5
337u,15i,5
92u,145i,2
398u,480i,5
346u,366i,2
5u,390i,5
337u,449i,4
67u,25i,4
259u,288i,3
276u,73i,3
468u,251i,4
468u,321i,3
23u,283i,4
291u,417i,4
276u,21i,3
92u,100i,5
265u,245i,4
342u,8i,4
287u,9i,5
452u,203i,3
145u,117i,5
276u,462i,4
92u,143i,3
21u,240i,4
118u,53i,5
130u,261i,4
342u,131i,5
5u,208i,4
92u,421i,4
92u,160i,4
422u,327i,3
275u,408i,3
297u,237i,4
346u,56i,5
468u,137i,4
268u,179i,4
119u,276i,2
291u,231i,3
346u,181i,5
422u,250i,5
291u,403i,4
291u,215i,4
23u,433i,5
276u,128i,4
276u,120i,2
118u,56i,5
407u,230i,4
24u,69i,5
287u,181i,3
24u,486i,3
188u,5i,4
398u,28i,5
287u,426i,3
346u,369i,3
452u,234i,3
221u,407i,2
145u,410i,4
23u,82i,3
118u,135i,5
221u,50i,4
268u,234i,4
130u,98i,5
346u,184i,1
119u,22i,4
398u,274i,3
297u,258i,5
276u,17i,4
291u,391i,1
21u,436i,4
490u,123i,2
145u,257i,5
342u,367i,5
346u,172i,5
21u,301i,4
276u,158i,3
5u,399i,3
342u,124i,4
342u,410i,3
119u,300i,5
468u,132i,5
342u,174i,2
92u,64i,4
490u,126i,2
275u,1i,4
342u,196i,3
5u,456i,1
297u,117i,4
5u,168i,3
291u,232i,4
291u,128i,4
233u,223i,4
291u,236i,4
279u,395i,4
221u,240i,4
145u,379i,3
291u,79i,5
21u,261i,1
130u,79i,5
67u,24i,4
346u,293i,3
276u,99i,4
5u,50i,4
24u,176i,5
452u,204i,3
297u,298i,5
119u,11i,5
276u,100i,5
279u,190i,3
130u,237i,5
287u,4i,4
407u,290i,3
221u,402i,2
337u,125i,4
21u,406i,1
346u,156i,4
23u,418i,4
145u,356i,4
297u,160i,1
342u,286i,4
468u,182i,5
468u,98i,5
188u,157i,3
287u,121i,4
268u,381i,3
221u,79i,4
490u,15i,1
452u,458i,1
24u,421i,5
468u,435i,4
130u,477i,4
297u,283i,4
21u,281i,2
291u,12i,5
346u,2i,5
291u,475i,5
407u,172i,4
407u,28i,4
276u,298i,5
268u,11i,4
113u,116i,3
407u,91i,4
342u,68i,3
92u,204i,4
24u,8i,5
276u,151i,5
346u,77i,4
130u,181i,5
276u,88i,3
113u,50i,5
188u,462i,4
221u,59i,2
452u,162i,3
23u,7i,4
276u,144i,5
24u,11i,5
145u,17i,3
342u,382i,3
23u,386i,4
468u,8i,4
279u,60i,4
221u,222i,3
92u,182i,4
346u,496i,5
398u,476i,3
265u,240i,3
130u,412i,4
92u,411i,4
35u,358i,1
24u,41i,5
342u,357i,3
276u,461i,4
407u,403i,4
342u,7i,4
92u,230i,3
342u,298i,3
346u,375i,1
452u,79i,4
407u,197i,4
30u,172i,4
1u,220i,3
76u,137i,5
118u,320i,5
118u,55i,5
1u,93i,5
92u,120i,2
337u,380i,4
346u,470i,3
221u,108i,3
452u,99i,3
118u,396i,5
207u,55i,3
119u,168i,5
342u,197i,4
130u,100i,3
92u,265i,4
1u,8i,1
276u,391i,2
407u,289i,3
422u,127i,4
188u,100i,4
188u,97i,5
490u,124i,4
407u,100i,5
452u,491i,4
342u,194i,3
342u,144i,5
23u,203i,4
297u,13i,3
276u,323i,3
291u,164i,4
1u,105i,2
337u,250i,3
1u,147i,3
276u,358i,3
342u,326i,1
24u,173i,5
291u,55i,4
188u,468i,4
1u,99i,3
407u,181i,3
113u,237i,3
276u,433i,4
346u,100i,3
1u,1i,5
92u,5i,4
276u,241i,4
276u,24i,4
468u,475i,4
268u,184i,4
346u,183i,4
24u,289i,3
157u,286i,5
276u,388i,2
119u,412i,4
145u,294i,4
468u,293i,5
342u,125i,2
291u,1i,5
92u,370i,1
92u,195i,5
92u,237i,4
23u,224i,5
145u,282i,5
276u,399i,2
276u,159i,3
297u,11i,4
23u,151i,3
188u,64i,5
118u,171i,5
268u,174i,5
407u,357i,4
397u,457i,1
307u,257i,5
24u,237i,4
268u,59i,5
21u,244i,4
279u,158i,3
468u,181i,3
276u,356i,3
452u,485i,2
130u,11i,5
291u,38i,3
291u,22i,5
207u,127i,5
92u,171i,4
130u,118i,4
5u,172i,5
268u,180i,3
92u,405i,2
76u,60i,4
221u,29i,3
468u,19i,4
291u,82i,4
119u,23i,3
221u,230i,3
265u,293i,4
279u,41i,2
276u,189i,4
1u,197i,5
5u,414i,3
207u,38i,3
92u,474i,4
279u,12i,2
490u,237i,1
342u,193i,5
276u,44i,3
21u,243i,2
118u,98i,5
5u,70i,4
291u,325i,4
407u,483i,4
452u,187i,3
276u,239i,4
35u,328i,3
468u,357i,5
468u,428i,4
297u,55i,4
297u,213i,3
221u,273i,5
119u,132i,5
23u,161i,2
342u,478i,3
23u,472i,2
297u,288i,3
221u,96i,5
490u,273i,1
188u,281i,3
118u,413i,4
188u,177i,4
468u,257i,4
23u,185i,4
422u,124i,3
21u,443i,4
35u,258i,2
291u,123i,4
1u,144i,4
452u,8i,4
23u,155i,3
297u,1i,3
268u,466i,3
24u,357i,5
276u,31i,4
297u,474i,4
407u,97i,4
188u,54i,4
92u,157i,4
422u,257i,4
130u,427i,5
130u,470i,2
346u,54i,4
342u,238i,4
291u,121i,2
297u,191i,3
422u,288i,3
5u,151i,3
490u,298i,3
130u,328i,4
23u,230i,4
398u,197i,5
188u,121i,4
275u,420i,2
221u,282i,4
92u,4i,4
291u,369i,3
291u,416i,4
23u,79i,4
92u,396i,3
279u,294i,2
24u,200i,5
297u,249i,3
259u,97i,4
276u,421i,4
297u,185i,5
468u,273i,2
297u,4i,1
276u,393i,4
21u,145i,1
119u,210i,5
297u,151i,3
291u,85i,2
268u,204i,3
268u,12i,4
221u,469i,3
346u,98i,2
1u,26i,3
195u,373i,3
468u,275i,4
221u,186i,4
188u,470i,5
145u,274i,3
407u,484i,4
422u,93i,4
5u,415i,1
422u,458i,3
297u,174i,5
23u,145i,3
276u,252i,3
490u,258i,2
279u,186i,5
407u,436i,3
342u,47i,5
346u,204i,4
23u,250i,4
291u,210i,5
468u,159i,3
468u,15i,4
346u,318i,5
23u,174i,4
468u,423i,4
276u,458i,4
21u,262i,4
468u,214i,5
145u,328i,5
468u,160i,3
23u,134i,4
195u,384i,2
291u,427i,4
297u,455i,4
76u,56i,5
67u,105i,4
276u,123i,4
21u,289i,3
297u,109i,4
452u,188i,4
452u,174i,4
268u,50i,5
407u,385i,4
468u,222i,4
145u,405i,3
1u,181i,5
21u,200i,5
130u,289i,5
490u,277i,3
276u,47i,4
300u,288i,4
130u,24i,5
297u,230i,2
221u,178i,4
221u,181i,4
207u,70i,3
346u,276i,1
342u,482i,5
276u,274i,3
452u,432i,2
118u,210i,5
1u,257i,4
188u,22i,5
276u,281i,3
300u,300i,4
342u,208i,4
346u,363i,3
207u,185i,4
21u,7i,5
265u,327i,3
21u,5i,2
23u,204i,3
346u,168i,4
279u,425i,4
1u,237i,2
452u,170i,4
130u,65i,4
490u,286i,2
468u,173i,5
207u,471i,3
342u,135i,3
346u,11i,4
291u,235i,2
468u,56i,5
221u,215i,4
23u,19i,4
346u,91i,1
279u,151i,4
468u,200i,4
276u,367i,3
407u,180i,4
452u,64i,4
207u,202i,3
92u,174i,5
342u,408i,5
92u,116i,3
279u,169i,5
300u,409i,4
452u,404i,4
118u,201i,5
276u,411i,4
452u,427i,4
342u,433i,5
276u,193i,4
188u,118i,3
276u,183i,5
119u,255i,3
490u,151i,1
30u,50i,3
452u,211i,2
1u,109i,5
1u,182i,4
291u,90i,5
145u,88i,5
398u,430i,4
23u,211i,4
23u,102i,3
291u,219i,4
92u,72i,3
21u,438i,1
490u,150i,5
297u,419i,3
276u,82i,4
291u,411i,4
207u,435i,4
275u,432i,4
468u,144i,5
291u,282i,4
5u,396i,5
118u,175i,5
407u,201i,4
452u,490i,4
490u,7i,3
398u,117i,4
287u,108i,4
207u,286i,2
23u,55i,4
490u,473i,2
407u,479i,4
468u,178i,5
268u,173i,4
268u,95i,4
23u,8i,4
268u,56i,4
291u,423i,4
21u,185i,5
422u,260i,3
407u,183i,4
291u,393i,3
342u,412i,3
468u,157i,4
287u,476i,1
265u,117i,5
23u,479i,5
92u,227i,1
188u,294i,2
291u,456i,3
346u,55i,5
342u,378i,4
300u,264i,1
221u,27i,4
5u,398i,2
279u,176i,3
276u,455i,4
276u,328i,4
5u,204i,4
407u,132i,4
291u,67i,4
407u,143i,4
259u,298i,4
92u,436i,4
145u,173i,5
346u,127i,5
207u,92i,2
268u,479i,4
276u,51i,3
346u,120i,3
279u,203i,2
119u,405i,4
188u,162i,4
291u,124i,5
342u,93i,4
268u,70i,3
346u,240i,1
276u,160i,4
207u,317i,4
407u,96i,3
346u,67i,3
92u,243i,1
490u,455i,4
279u,61i,4
346u,391i,2
468u,111i,4
207u,475i,2
21u,259i,2
291u,117i,5
268u,191i,4
276u,475i,5
279u,480i,3
195u,386i,2
23u,214i,3
291u,202i,4
113u,9i,3
452u,62i,2
291u,100i,5
291u,69i,5
35u,333i,4
398u,174i,5
346u,423i,4
23u,144i,3
276u,184i,4
337u,181i,2
130u,294i,5
279u,31i,3
490u,93i,4
490u,224i,2
398u,495i,4
422u,286i,5
297u,168i,5
468u,70i,3
276u,42i,4
92u,382i,4
23u,217i,2
24u,79i,4
145u,66i,4
342u,251i,5
276u,27i,3
1u,199i,4
346u,211i,4
276u,375i,1
276u,233i,3
276u,195i,5
276u,67i,3
297u,200i,3
342u,319i,4
1u,50i,5
145u,181i,5
398u,474i,4
188u,288i,4
422u,129i,4
291u,129i,5
145u,164i,4
407u,188i,3
291u,364i,3
21u,379i,3
188u,144i,3
346u,64i,4
76u,192i,5
291u,94i,2
407u,193i,3
276u,174i,5
24u,12i,5
452u,156i,4
92u,428i,4
291u,93i,4
130u,475i,3
468u,195i,5
23u,194i,4
113u,289i,2
468u,22i,5
490u,475i,4
468u,25i,5
468u,150i,5
76u,6i,5
342u,98i,3
468u,191i,4
23u,96i,4
276u,382i,4
452u,73i,3
172u,425i,1
30u,252i,3
276u,29i,3
276u,219i,4
297u,211i,4
422u,294i,3
276u,122i,3
342u,3i,2
1u,192i,4
268u,208i,4
422u,151i,4
92u,193i,4
490u,293i,2
67u,235i,3
279u,33i,4
92u,9i,4
342u,327i,4
490u,181i,4
5u,387i,3
398u,168i,3
145u,111i,3
276u,72i,4
23u,162i,3
24u,92i,5
92u,95i,3
113u,288i,3
490u,137i,3
276u,235i,4
1u,238i,4
490u,246i,2
1u,156i,4
407u,496i,5
422u,326i,3
452u,418i,4
398u,127i,4
279u,239i,4
5u,228i,5
452u,180i,4
24u,288i,3
407u,209i,5
337u,228i,5
130u,455i,4
346u,234i,2
24u,98i,5
342u,487i,5
468u,238i,3
276u,1i,5
490u,50i,5
291u,11i,4
5u,250i,3
291u,246i,5
468u,121i,4
221u,384i,3
130u,321i,5
92u,202i,3
468u,372i,2
468u,462i,4
346u,403i,3
297u,32i,4
342u,421i,3
398u,13i,3
291u,204i,4
92u,55i,3
398u,403i,4
24u,71i,5
468u,58i,4
346u,216i,3
342u,294i,3
1u,106i,4
21u,437i,1
275u,169i,3
407u,8i,5
490u,302i,4
452u,88i,2
119u,252i,3
346u,3i,3
291u,245i,2
490u,117i,1
113u,245i,3
452u,136i,4
145u,31i,5
276u,218i,4
21u,50i,3
259u,181i,4
276u,28i,4
1u,11i,2
468u,377i,2
1u,245i,2
207u,367i,3
279u,170i,3
407u,235i,4
279u,288i,3
276u,202i,4
172u,124i,4
468u,246i,5
221u,391i,3
92u,186i,4
221u,42i,5
291u,262i,4
452u,462i,4
468u,95i,4
468u,172i,4
297u,42i,3
268u,200i,4
1u,137i,5
207u,56i,4
188u,153i,5
398u,205i,5
92u,58i,4
297u,27i,1
5u,386i,2
422u,475i,4
265u,111i,2
407u,214i,4
67u,412i,1
276u,225i,3
297u,111i,3
452u,135i,3
297u,90i,4
207u,204i,3
407u,228i,4
291u,200i,4
422u,275i,5
407u,215i,3
342u,212i,5
172u,463i,4
346u,97i,4
279u,28i,2
276u,185i,4
30u,161i,4
468u,42i,4
342u,276i,3
76u,70i,4
92u,47i,4
130u,185i,5
407u,89i,4
92u,179i,5
398u,498i,5
35u,327i,3
452u,86i,4
291u,212i,4
188u,180i,5
342u,496i,4
276u,387i,3
276u,254i,2
1u,127i,5
92u,8i,5
346u,219i,2
268u,92i,4
119u,181i,4
407u,135i,3
342u,192i,4
221u,151i,1
5u,450i,1
130u,179i,4
279u,456i,3
265u,100i,5
24u,402i,4
221u,174i,4
276u,173i,5
221u,94i,3
342u,499i,5
145u,176i,5
342u,381i,5
291u,21i,2
468u,100i,5
276u,479i,5
276u,3i,3
5u,235i,4
188u,76i,4
452u,496i,5
221u,227i,3
342u,262i,2
276u,392i,3
342u,461i,3
130u,329i,4
268u,39i,3
113u,258i,5
268u,230i,3
1u,79i,4
23u,62i,3
279u,211i,4
221u,184i,4
398u,25i,4
221u,210i,5
5u,431i,3
92u,68i,3
291u,84i,3
119u,277i,4
276u,25i,4
35u,326i,3
23u,234i,2
279u,21i,3
422u,299i,1
452u,384i,2
468u,126i,3
468u,96i,5
221u,405i,3
221u,485i,2
1u,45i,5
119u,286i,5
5u,121i,4
297u,215i,2
130u,89i,4
1u,48i,5
452u,45i,4
346u,153i,3
188u,151i,3
422u,137i,5
468u,7i,3
67u,125i,4
1u,25i,4
291u,234i,4
468u,192i,4
23u,235i,1
276u,405i,3
268u,60i,5
452u,371i,3
5u,374i,3
291u,413i,4
490u,292i,3
1u,251i,4
92u,210i,4
119u,89i,4
276u,431i,3
221u,259i,4
452u,461i,4
346u,203i,4
407u,239i,4
92u,235i,3
468u,367i,4
23u,216i,4
342u,216i,5
119u,70i,3
291u,3i,3
407u,127i,3
490u,410i,4
5u,365i,1
207u,117i,3
21u,444i,3
468u,170i,4
452u,58i,3
268u,201i,3
118u,258i,5
221u,55i,4
297u,228i,2
468u,97i,5
297u,156i,4
188u,318i,5
268u,423i,2
276u,443i,4
337u,50i,5
221u,121i,2
407u,98i,5
265u,107i,1
276u,447i,4
276u,7i,5
342u,320i,5
279u,44i,1
23u,153i,4
468u,180i,5
265u,282i,5
24u,132i,3
21u,260i,2
342u,188i,3
276u,148i,3
207u,22i,3
279u,22i,1
279u,257i,5
452u,132i,2
276u,257i,4
297u,92i,3
92u,257i,2
23u,171i,5
1u,168i,5
468u,1i,5
268u,79i,3
145u,55i,3
118u,172i,5
291u,158i,2
92u,50i,5
130u,1i,5
265u,50i,2
276u,80i,3
407u,45i,4
291u,291i,5
92u,156i,4
119u,125i,5
268u,188i,4
145u,358i,4
188u,199i,4
398u,183i,4
188u,265i,5
468u,47i,5
346u,161i,3
1u,123i,4
452u,195i,4
21u,358i,3
291u,172i,5
119u,121i,4
92u,38i,3
113u,222i,3
490u,127i,5
398u,56i,4
300u,294i,3
297u,28i,4
145u,155i,2
468u,216i,5
297u,498i,3
130u,95i,5
1u,191i,5
233u,89i,3
119u,82i,2
268u,286i,5
452u,237i,2
468u,12i,4
468u,118i,3
468u,471i,3
276u,260i,3
5u,406i,1
297u,210i,4
279u,373i,4
23u,367i,4
291u,173i,5
287u,235i,4
279u,100i,4
188u,194i,3
145u,106i,4
291u,249i,4
468u,297i,4
188u,174i,5
468u,153i,5
468u,318i,5
268u,186i,3
113u,292i,3
346u,188i,4
468u,427i,5
407u,216i,4
23u,195i,4
297u,465i,3
452u,492i,4
172u,23i,3
221u,150i,5
92u,451i,3
342u,289i,2
342u,11i,5
337u,392i,5
422u,117i,2
398u,484i,4
342u,169i,5
276u,71i,4
398u,447i,2
291u,96i,4
92u,228i,4
130u,471i,2
346u,233i,4
342u,293i,4
23u,56i,4
346u,68i,3
468u,50i,5
1u,55i,5
287u,168i,5
130u,257i,4
291u,184i,4
35u,300i,5
279u,32i,3
346u,177i,4
92u,385i,4
291u,98i,5
407u,204i,3
397u,65i,2
276u,397i,1
276u,385i,4
207u,195i,3
145u,118i,3
130u,326i,5
276u,217i,4
468u,174i,5
279u,193i,2
119u,28i,5
268u,143i,2
119u,194i,5
346u,79i,5
92u,111i,3
346u,164i,3
407u,95i,3
276u,472i,3
422u,248i,3
5u,239i,4
119u,298i,4
119u,473i,3
5u,425i,2
145u,240i,5
35u,264i,2
119u,475i,4
346u,182i,5
119u,7i,5
1u,240i,3
407u,153i,4
1u,7i,4
279u,462i,3
118u,188i,5
490u,100i,3
23u,59i,4
130u,300i,5
276u,65i,4
297u,124i,4
279u,95i,3
276u,55i,4
407u,195i,4
279u,385i,4
468u,82i,5
265u,288i,4
76u,264i,3
346u,159i,4
342u,152i,4
5u,366i,3
452u,385i,4
92u,39i,3
346u,196i,3
276u,12i,5
276u,39i,3
468u,135i,5
5u,455i,4
119u,458i,5
265u,284i,4
291u,64i,5
276u,179i,5
221u,246i,5
268u,61i,4
276u,407i,2
297u,248i,3
287u,222i,5
337u,25i,3
119u,124i,4
297u,181i,4
92u,118i,2
119u,64i,4
342u,149i,5
291u,195i,4
268u,475i,4
407u,491i,4
342u,88i,1
35u,266i,3
346u,88i,4
23u,154i,3
268u,176i,5
452u,179i,5
287u,64i,5
291u,223i,5
291u,27i,3
188u,455i,4
268u,210i,3
407u,184i,4
5u,367i,3
297u,144i,3
221u,12i,5
130u,123i,4
119u,449i,5
276u,428i,4
297u,357i,4
1u,165i,5
23u,89i,5
297u,196i,4
119u,31i,5
287u,246i,4
297u,485i,3
422u,237i,4
422u,333i,4
452u,50i,5
118u,317i,5
145u,98i,5
297u,147i,3
30u,164i,4
297u,367i,2
5u,434i,5
346u,472i,4
172u,428i,4
23u,423i,3
23u,116i,5
5u,181i,5
5u,412i,3
452u,102i,2
397u,243i,1
279u,180i,2
279u,431i,4
279u,461i,3
452u,15i,4
346u,96i,5
113u,299i,5
1u,124i,5
468u,89i,4
342u,249i,3
407u,134i,5
1u,95i,4
291u,50i,5
188u,356i,4
130u,96i,5
342u,89i,3
291u,97i,4
268u,127i,4
342u,114i,5
145u,226i,1
276u,109i,4
452u,275i,4
279u,449i,3
279u,2i,4
407u,154i,5
291u,125i,4
291u,151i,5
276u,425i,4
337u,227i,5
342u,150i,3
342u,488i,5
130u,389i,3
291u,71i,4
279u,56i,4
221u,56i,5
276u,215i,4
207u,385i,3
490u,118i,2
407u,176i,4
30u,403i,2
279u,379i,3
188u,11i,5
276u,96i,5
291u,404i,4
291u,402i,4
398u,100i,3
297u,294i,3
297u,148i,3
276u,150i,4
342u,486i,5
279u,321i,5
346u,175i,4
76u,203i,4
268u,172i,5
276u,95i,5
398u,482i,5
130u,330i,4
468u,117i,2
113u,300i,3
5u,383i,3
452u,474i,3
422u,295i,3
276u,97i,3
145u,77i,3
297u,208i,4
398u,427i,4
24u,223i,5
452u,153i,4
21u,15i,4
276u,187i,5
130u,88i,2
468u,65i,3
1u,126i,2
452u,196i,4
1u,83i,3
276u,172i,5
188u,50i,4
23u,181i,4
337u,67i,4
221u,399i,3
291u,95i,4
21u,127i,5
268u,185i,3
92u,69i,5
67u,273i,4
276u,89i,5
297u,34i,3
259u,173i,4
468u,248i,4
268u,435i,4
297u,479i,5
1u,204i,5
92u,147i,2
21u,264i,3
468u,286i,4
279u,388i,3
342u,182i,5
276u,200i,5
342u,137i,2
342u,246i,4
92u,212i,4
21u,330i,4
21u,321i,3
398u,79i,4
259u,286i,4
276u,237i,5
342u,428i,5
145u,235i,4
279u,87i,1
468u,432i,5
297u,100i,5
407u,234i,3
265u,294i,4
130u,144i,5
5u,380i,3
468u,218i,4
5u,105i,3
1u,207i,5
342u,476i,4
407u,175i,4
24u,7i,4
21u,408i,5
398u,111i,3
279u,428i,1
279u,429i,4
130u,17i,5
188u,259i,3
1u,19i,5
35u,321i,3
119u,172i,4
279u,27i,5
119u,287i,4
342u,9i,5
145u,234i,5
276u,373i,2
337u,151i,5
145u,9i,2
468u,204i,5
275u,174i,4
92u,40i,3
92u,155i,2
342u,12i,5
21u,9i,5
92u,217i,3
5u,210i,3
92u,25i,3
398u,478i,5
276u,143i,5
130u,258i,4
452u,290i,2
342u,475i,5
346u,58i,3
279u,482i,4
276u,23i,5
279u,47i,4
346u,395i,1
23u,451i,2
468u,24i,3
1u,15i,5
279u,62i,3
276u,365i,3
1u,52i,4
468u,91i,5
291u,405i,4
276u,33i,4
157u,235i,5
452u,76i,4
268u,239i,3
119u,492i,5
468u,5i,3
30u,319i,4
276u,284i,4
468u,124i,5
119u,93i,4
342u,153i,4
342u,42i,3
92u,169i,5
92u,418i,3
279u,17i,4
452u,77i,3
145u,11i,5
23u,449i,2
92u,239i,4
490u,255i,1
279u,222i,1
1u,13i,5
21u,286i,3
221u,117i,4
422u,323i,3
276u,469i,4
452u,71i,3
468u,143i,5
407u,189i,4
398u,283i,3
118u,234i,5
145u,249i,4
265u,273i,5
398u,135i,3
276u,293i,4
221u,423i,2
342u,324i,1
422u,7i,3
468u,55i,5
398u,237i,3
452u,480i,5
490u,289i,1
407u,152i,4
346u,195i,5
1u,28i,4
291u,293i,5
342u,236i,3
407u,498i,4
1u,172i,5
407u,71i,3
407u,408i,4
468u,161i,3
23u,387i,3
24u,97i,4
130u,293i,5
23u,176i,3
221u,288i,3
276u,161i,3
490u,24i,4
118u,100i,5
118u,5i,2
118u,179i,5
92u,233i,3
5u,419i,3
452u,164i,4
67u,117i,5
145u,49i,3
130u,7i,5
118u,427i,5
490u,222i,3
346u,365i,1
342u,165i,3
1u,122i,3
468u,127i,4
468u,226i,2
407u,168i,5
342u,57i,3
5u,375i,3
24u,58i,3
490u,458i,3
92u,225i,3
119u,323i,4
188u,300i,4
291u,240i,4
145u,293i,4
5u,373i,3
407u,131i,3
291u,153i,4
342u,14i,5
30u,29i,3
268u,380i,2
23u,173i,5
92u,433i,5
297u,284i,4
24u,276i,5
76u,96i,5
452u,210i,4
279u,165i,4
276u,175i,5
130u,117i,5
297u,153i,5
468u,44i,4
221u,38i,2
21u,53i,4
21u,273i,4
268u,116i,4
188u,187i,3
5u,368i,1
145u,53i,2
24u,151i,5
452u,213i,4
23u,73i,3
276u,182i,5
21u,1i,5
452u,98i,5
119u,257i,4
279u,486i,4
188u,176i,4
21u,323i,2
468u,237i,4
407u,169i,5
407u,474i,3
468u,64i,5
145u,97i,5
24u,324i,5
145u,121i,2
407u,210i,4
1u,94i,2
265u,1i,5
276u,300i,4
468u,9i,5
398u,1i,5
92u,65i,4
346u,151i,4
422u,267i,4
188u,484i,5
5u,174i,5
23u,227i,3
490u,109i,5
221u,144i,4
130u,93i,5
279u,64i,1
