3u,5980i,4.0,2
25u,9101i,4.0,2
33u,1127i,4.0,2
37u,9101i,4.0,2
37u,5408i,0.0,2
37u,2984i,0.0,2
37u,616i,5.0,2
37u,8577i,0.0,2
37u,3359i,5.0,2
37u,160i,5.0,2
37u,4283i,2.0,2
37u,2214i,4.0,2
37u,4132i,5.0,2
37u,6925i,0.0,2
37u,3527i,4.0,2
37u,7845i,0.0,2
37u,5771i,4.0,2
37u,9339i,0.0,2
37u,7162i,0.0,2
37u,3817i,0.0,2
37u,9528i,0.0,2
40u,4283i,0.0,2
61u,9101i,4.0,2
110u,9101i,4.0,2
113u,9101i,5.0,2
126u,5408i,0.0,2
126u,8163i,3.0,2
126u,8936i,0.0,2
150u,3747i,5.0,1
150u,5183i,4.0,2
151u,2086i,4.0,1
151u,1080i,5.0,1
151u,8163i,5.0,1
151u,6899i,4.0,1
151u,5857i,0.0,1
151u,1369i,0.0,1
151u,1127i,4.0,1
151u,5350i,5.0,1
151u,4837i,0.0,1
151u,3322i,0.0,1
151u,5639i,0.0,1
151u,7170i,0.0,1
151u,7576i,0.0,1
151u,1208i,0.0,1
151u,218i,0.0,1
151u,8298i,0.0,1
151u,323i,0.0,1
151u,7764i,0.0,1
151u,5556i,4.0,1
151u,5980i,0.0,1
151u,7699i,0.0,1
151u,2870i,0.0,1
151u,7187i,0.0,1
151u,9696i,0.0,2
151u,6502i,0.0,2
151u,7502i,0.0,2
151u,511i,4.0,2
151u,9986i,5.0,2
151u,5042i,0.0,2
151u,4283i,2.0,2
151u,9519i,0.0,2
151u,3351i,0.0,2
151u,2816i,0.0,2
151u,9398i,0.0,2
151u,3696i,0.0,2
151u,659i,0.0,2
153u,51i,4.0,2
153u,258i,5.0,2
153u,9101i,4.0,2
154u,9101i,4.0,2
166u,5653i,4.0,2
166u,5118i,5.0,2
172u,9101i,4.0,2
181u,4557i,4.0,2
181u,6892i,5.0,2
181u,4283i,0.0,2
181u,5850i,0.0,2
181u,2222i,5.0,2
181u,5914i,1.0,2
181u,7014i,1.0,2
181u,1147i,5.0,2
189u,6894i,4.0,2
192u,8507i,0.0,2
204u,4283i,0.0,2
204u,6783i,4.0,2
204u,7764i,5.0,2
204u,1103i,5.0,2
204u,5857i,5.0,2
204u,713i,5.0,2
206u,1080i,4.0,2
206u,3577i,0.0,2
206u,4283i,0.0,2
206u,6539i,0.0,2
206u,6984i,0.0,2
206u,5718i,2.0,2
206u,3696i,0.0,2
206u,9190i,4.0,2
206u,2801i,0.0,2
206u,9596i,4.0,2
206u,1315i,0.0,2
206u,9354i,1.0,2
206u,14i,4.0,2
206u,8163i,4.0,2
206u,7850i,0.0,2
206u,7059i,3.0,2
206u,5441i,3.0,2
206u,599i,5.0,2
206u,1127i,4.0,2
206u,4052i,0.0,2
206u,1683i,5.0,2
206u,8288i,5.0,2
206u,3572i,4.0,2
206u,780i,4.0,2
206u,4177i,4.0,2
214u,9101i,4.0,2
223u,9459i,3.0,2
223u,4653i,3.0,2
225u,9101i,4.0,2
237u,4283i,3.0,2
240u,9148i,4.0,2
240u,4071i,4.0,2
240u,684i,4.0,2
244u,4283i,0.0,2
244u,2558i,0.0,2
248u,1383i,2.0,2
262u,1383i,5.0,2
266u,1483i,4.0,2
266u,2852i,3.0,2
266u,1127i,0.0,2
266u,3480i,0.0,2
266u,9610i,3.0,2
266u,5350i,3.0,2
266u,4890i,0.0,2
266u,3748i,3.0,2
269u,160i,0.0,2
269u,3359i,0.0,2
273u,9101i,4.0,2
279u,180i,0.0,1
279u,6903i,3.0,1
279u,5350i,2.0,1
279u,1383i,2.0,1
279u,9101i,0.0,1
279u,5980i,0.0,1
279u,771i,1.0,1
279u,5441i,1.0,1
279u,4283i,2.0,2
279u,5327i,4.0,2
291u,5857i,1.0,1
291u,3917i,0.0,1
291u,9278i,4.0,1
291u,323i,4.0,1
291u,1928i,0.0,2
301u,3669i,4.0,2
314u,9101i,4.0,2
317u,1228i,5.0,2
317u,7945i,5.0,2
317u,1127i,4.0,2
320u,9101i,4.0,2
341u,9101i,4.0,2
351u,4283i,0.0,2
351u,9618i,0.0,2
351u,7808i,5.0,2
351u,1317i,0.0,2
357u,9101i,4.0,2
363u,6648i,5.0,2
363u,9101i,4.0,2
365u,9101i,4.0,2
365u,5413i,0.0,2
372u,9459i,0.0,2
372u,567i,0.0,2
372u,5350i,0.0,2
372u,155i,0.0,2
372u,6061i,4.0,2
372u,6870i,5.0,2
372u,3495i,4.0,2
377u,5980i,4.0,2
381u,9989i,1.0,2
381u,9018i,3.0,2
426u,4653i,4.0,2
427u,5312i,0.0,2
427u,7996i,0.0,2
438u,9101i,4.0,2
438u,3028i,4.0,2
438u,4309i,3.0,2
438u,2984i,4.0,2
438u,7764i,5.0,2
438u,4283i,0.0,2
438u,5441i,5.0,2
438u,1369i,5.0,2
438u,8865i,5.0,2
438u,3259i,5.0,2
438u,6925i,5.0,2
438u,1127i,5.0,2
438u,3926i,5.0,2
438u,1107i,4.0,2
438u,8784i,5.0,2
438u,4745i,4.0,2
438u,3669i,4.0,2
438u,4338i,5.0,2
438u,853i,5.0,2
438u,8163i,5.0,2
438u,6779i,4.0,2
438u,3433i,3.0,2
438u,6674i,4.0,2
455u,5980i,4.0,2
513u,2086i,4.0,1
513u,9986i,3.0,1
522u,567i,0.0,2
522u,2392i,0.0,2
573u,5980i,4.0,2
577u,9101i,4.0,2
607u,8507i,4.0,2
607u,6648i,5.0,2
610u,4653i,5.0,2
622u,5857i,0.0,1
622u,5556i,4.0,1
622u,9101i,5.0,1
622u,3408i,5.0,1
622u,8746i,5.0,1
639u,5980i,4.0,2
639u,9101i,4.0,2
672u,9101i,4.0,1
672u,1383i,4.0,1
699u,9459i,0.0,2
699u,1127i,5.0,2
705u,9101i,4.0,2
724u,9101i,4.0,1
733u,160i,0.0,1
733u,2086i,4.0,1
733u,1242i,0.0,2
738u,9101i,0.0,2
738u,3669i,0.0,2
743u,160i,4.0,2
752u,4653i,4.0,2
752u,5980i,4.0,2
780u,5980i,4.0,2
780u,9101i,4.0,2
780u,5408i,5.0,2
787u,9101i,4.0,2
815u,9101i,4.0,2
819u,4859i,1.0,1
819u,5980i,3.0,1
819u,4283i,3.0,1
819u,2086i,4.0,1
819u,9101i,1.0,1
819u,2776i,3.0,1
819u,4128i,3.0,1
819u,6771i,5.0,1
819u,5254i,2.0,1
819u,2222i,1.0,1
819u,4060i,2.0,1
819u,9528i,3.0,1
819u,5460i,1.0,1
819u,8893i,1.0,1
819u,1127i,4.0,1
819u,9487i,3.0,1
819u,4725i,0.0,1
819u,4043i,5.0,2
819u,9075i,5.0,2
819u,8832i,5.0,2
819u,881i,5.0,2
819u,6234i,5.0,2
819u,5857i,3.0,2
819u,371i,5.0,2
819u,3269i,5.0,2
819u,6596i,5.0,2
819u,1885i,5.0,2
819u,1080i,2.0,2
823u,9101i,4.0,2
832u,9101i,4.0,2
832u,6925i,0.0,2
832u,323i,0.0,2
832u,9339i,0.0,2
832u,1120i,0.0,2
832u,5350i,0.0,2
832u,3527i,0.0,2
832u,3711i,0.0,2
832u,7764i,0.0,2
832u,7657i,0.0,2
832u,2669i,0.0,2
832u,4217i,0.0,2
832u,1129i,0.0,2
832u,8492i,0.0,2
832u,3917i,0.0,2
832u,3616i,0.0,2
832u,7009i,0.0,2
832u,4071i,0.0,2
832u,8142i,0.0,2
832u,6271i,0.0,2
832u,5413i,0.0,2
832u,3220i,0.0,2
832u,24i,0.0,2
832u,3395i,0.0,2
832u,1317i,0.0,2
832u,7004i,0.0,2
832u,2300i,0.0,2
832u,7080i,0.0,2
832u,9468i,0.0,2
832u,7148i,0.0,2
832u,8585i,0.0,2
832u,7855i,0.0,2
832u,2463i,0.0,2
832u,3952i,0.0,2
832u,3450i,0.0,2
832u,4810i,0.0,2
832u,8662i,0.0,2
832u,2003i,0.0,2
832u,625i,0.0,2
832u,8861i,0.0,2
832u,3208i,0.0,2
832u,5408i,4.0,2
832u,9707i,0.0,2
832u,6873i,0.0,2
852u,3027i,3.0,2
852u,5237i,5.0,2
852u,7451i,5.0,2
876u,5980i,4.0,2
906u,9101i,4.0,2
918u,9101i,5.0,2
951u,5408i,4.0,2
951u,323i,4.0,2
951u,684i,4.0,2
951u,9101i,3.0,2
951u,9459i,4.0,2
956u,5600i,1.0,2
991u,9101i,4.0,2
992u,9101i,4.0,2
997u,5980i,4.0,1
997u,4283i,5.0,1
997u,2782i,5.0,1
997u,5767i,0.0,1
1034u,5980i,4.0,2
1044u,9101i,4.0,2
1049u,6163i,5.0,2
1055u,9101i,4.0,2
1071u,9101i,1.0,2
1072u,4283i,0.0,0
1072u,8163i,5.0,1
1072u,7945i,5.0,1
1072u,1752i,3.0,1
1072u,1996i,4.0,2
1131u,2086i,4.0,1
1131u,628i,0.0,1
1131u,341i,0.0,1
1131u,495i,0.0,1
1131u,5782i,0.0,1
1131u,936i,5.0,1
1131u,2397i,5.0,1
1131u,6828i,0.0,1
1131u,9917i,0.0,1
1131u,8437i,1.0,1
1131u,1867i,0.0,1
1131u,3169i,2.0,1
1131u,3067i,2.0,1
1131u,9845i,2.0,1
1131u,5857i,0.0,1
1131u,2015i,0.0,1
1131u,8650i,0.0,1
1131u,2620i,1.0,1
1131u,9495i,2.0,1
1131u,2724i,0.0,1
1131u,9870i,0.0,1
1131u,5603i,0.0,1
1131u,3705i,0.0,1
1131u,7843i,0.0,1
1131u,5226i,0.0,1
1131u,6073i,2.0,1
1131u,8569i,0.0,1
1131u,9518i,0.0,1
1131u,5321i,0.0,1
1131u,8144i,0.0,1
1131u,9207i,0.0,1
1131u,2063i,0.0,1
1131u,2922i,0.0,1
1131u,9190i,0.0,1
1131u,1122i,0.0,1
1131u,5738i,0.0,1
1131u,284i,0.0,1
1131u,3081i,0.0,1
1131u,7917i,0.0,1
1131u,323i,0.0,1
1131u,3259i,2.0,1
1197u,7265i,5.0,2
1213u,4283i,0.0,2
1259u,9101i,4.0,2
1263u,9101i,4.0,2
1266u,8403i,0.0,2
1266u,9459i,0.0,2
1266u,4283i,4.0,2
1281u,5980i,4.0,2
1281u,9101i,4.0,2
1287u,9101i,4.0,2
1303u,659i,0.0,2
1303u,5408i,4.0,2
1303u,6811i,4.0,2
1340u,5980i,4.0,2
1340u,9101i,4.0,2
1346u,4283i,0.0,2
1427u,684i,5.0,2
1435u,5980i,4.0,2
1474u,323i,5.0,2
1474u,6648i,5.0,2
1490u,5980i,2.0,2
1490u,9101i,2.0,2
1490u,323i,3.0,2
1490u,616i,5.0,2
1490u,51i,0.0,2
1490u,1127i,5.0,2
1490u,2984i,0.0,2
1490u,5857i,0.0,2
1490u,7945i,0.0,2
1490u,3395i,0.0,2
1490u,5460i,0.0,2
1490u,7764i,0.0,2
1496u,5980i,4.0,2
1501u,4653i,5.0,2
1501u,365i,5.0,2
1521u,5980i,0.0,2
1547u,4283i,0.0,1
1547u,9101i,5.0,1
1547u,1456i,4.0,1
1547u,323i,4.0,1
1547u,3917i,0.0,1
1547u,6984i,5.0,1
1547u,5248i,3.0,2
1553u,6005i,0.0,2
1573u,9101i,5.0,2
1573u,8012i,0.0,2
1581u,1129i,4.0,1
1581u,7259i,3.0,1
1581u,4378i,1.0,1
1581u,4697i,4.0,1
1590u,584i,0.0,2
1590u,323i,0.0,2
1599u,5980i,4.0,2
1599u,9101i,4.0,2
1626u,9101i,4.0,2
1626u,5408i,0.0,2
1638u,5697i,5.0,2
1647u,5980i,4.0,2
1655u,1315i,5.0,2
1676u,1383i,5.0,2
1692u,7059i,1.0,2
1697u,6899i,0.0,1
1702u,5980i,4.0,2
1737u,323i,0.0,2
1737u,8524i,0.0,2
1757u,8916i,5.0,2
1757u,6448i,4.0,2
1757u,6967i,5.0,2
1775u,5980i,4.0,2
1778u,9101i,4.0,2
1778u,323i,4.0,2
1817u,365i,4.0,1
1817u,9986i,2.0,1
1817u,9728i,5.0,1
1817u,9229i,5.0,1
1817u,4283i,0.0,1
1817u,9101i,4.0,2
1830u,8524i,5.0,2
1830u,6811i,5.0,2
1830u,5828i,5.0,2
1830u,9459i,0.0,2
1833u,9989i,0.0,2
1833u,160i,0.0,2
1833u,3856i,0.0,2
1833u,2602i,0.0,2
1833u,4789i,0.0,2
1833u,323i,0.0,2
1833u,5092i,0.0,2
1833u,4859i,0.0,2
1833u,7003i,0.0,2
1833u,2758i,0.0,2
1833u,2834i,0.0,2
1833u,6494i,0.0,2
1833u,6182i,0.0,2
1833u,3789i,0.0,2
1833u,7530i,0.0,2
1833u,616i,0.0,2
1833u,9966i,0.0,2
1833u,1184i,0.0,2
1833u,1639i,0.0,2
1833u,9934i,0.0,2
1833u,1127i,0.0,2
1833u,3527i,0.0,2
1833u,1135i,0.0,2
1833u,7473i,0.0,2
1833u,4503i,0.0,2
1833u,4009i,0.0,2
1833u,1774i,0.0,2
1833u,3682i,0.0,2
1833u,6296i,0.0,2
1833u,4301i,0.0,2
1833u,4382i,0.0,2
1833u,752i,0.0,2
1833u,3273i,0.0,2
1833u,1103i,0.0,2
1833u,5446i,0.0,2
1833u,3138i,0.0,2
1833u,9564i,0.0,2
1833u,8971i,0.0,2
1833u,9796i,0.0,2
1833u,5192i,0.0,2
1833u,242i,0.0,2
1833u,475i,0.0,2
1833u,9918i,0.0,2
1833u,659i,0.0,2
1833u,788i,0.0,2
1833u,5408i,5.0,2
1833u,4283i,5.0,2
1833u,7676i,0.0,2
1833u,4948i,0.0,2
1833u,3270i,0.0,2
1844u,916i,4.0,1
1844u,5980i,2.0,1
1844u,9101i,2.0,1
1844u,4128i,4.0,1
1844u,1889i,0.0,1
1844u,2222i,4.0,1
1844u,1147i,4.0,2
1844u,9229i,0.0,2
1845u,9101i,4.0,2
1850u,9101i,4.0,2
1850u,6811i,5.0,2
1866u,9101i,5.0,2
1871u,5980i,4.0,2
1906u,5980i,4.0,2
1911u,9101i,5.0,2
1911u,5408i,4.0,2
1911u,4698i,0.0,2
1911u,1315i,4.0,2
1911u,323i,4.0,2
1911u,684i,4.0,2
1911u,5769i,0.0,2
1916u,7059i,3.0,2
1916u,9290i,3.0,2
1916u,4283i,0.0,2
1916u,7996i,2.0,2
1916u,6899i,3.0,2
1916u,4837i,3.0,2
1916u,1383i,2.0,2
1916u,7604i,3.0,2
1931u,5857i,5.0,2
1931u,6674i,0.0,2
1931u,3009i,0.0,2
1931u,68i,0.0,2
1944u,4283i,0.0,2
1945u,9278i,5.0,2
1947u,4283i,0.0,2
1947u,4653i,0.0,2
1947u,5980i,0.0,2
1947u,9018i,0.0,2
1947u,9101i,0.0,2
1948u,6783i,4.0,2
1948u,7764i,0.0,2
1948u,5980i,0.0,2
1948u,5857i,5.0,2
1948u,5773i,5.0,2
1948u,4024i,0.0,2
1974u,9101i,4.0,2
1984u,9101i,4.0,2
1985u,1013i,0.0,0
1985u,6899i,2.0,0
1985u,9487i,1.0,0
1985u,9844i,4.0,0
1985u,7009i,0.0,0
1985u,916i,4.0,0
1985u,9459i,4.0,2
1985u,5869i,5.0,2
1985u,9229i,0.0,2
2018u,9101i,4.0,2
2023u,4653i,5.0,2
2023u,5980i,5.0,2
2024u,9101i,4.0,2
2034u,2732i,4.0,2
2041u,1932i,0.0,2
2041u,323i,0.0,2
2043u,1383i,4.0,2
2043u,9101i,4.0,2
2069u,5980i,4.0,2
2069u,9101i,4.0,2
2078u,9101i,5.0,2
2096u,5980i,4.0,2
2098u,9101i,4.0,2
2098u,323i,4.0,2
2107u,6314i,1.0,2
2109u,9398i,5.0,2
2125u,8507i,5.0,2
2129u,9101i,4.0,2
2142u,4174i,2.0,2
2142u,4283i,0.0,2
2142u,9101i,4.0,2
2174u,4283i,0.0,2
2187u,9101i,4.0,2
2187u,1315i,0.0,2
2193u,4283i,3.0,2
2193u,9796i,0.0,2
2209u,9101i,0.0,2
2209u,4547i,0.0,2
2235u,4653i,4.0,2
2235u,9101i,4.0,2
2275u,9101i,3.0,2
2282u,5980i,4.0,2
2282u,9101i,4.0,2
2335u,9101i,4.0,2
2335u,567i,5.0,2
2342u,4653i,4.0,2
2342u,9101i,4.0,2
2344u,9101i,4.0,2
2350u,1383i,3.0,2
2350u,4653i,2.0,2
2350u,1971i,0.0,2
2352u,9101i,4.0,2
2354u,9101i,4.0,2
2385u,3433i,5.0,2
2385u,9018i,5.0,2
2396u,4283i,0.0,1
2396u,3669i,3.0,2
2402u,5980i,4.0,2
2402u,9101i,4.0,2
2402u,5408i,5.0,2
2425u,4585i,5.0,2
2425u,9788i,0.0,2
2425u,7764i,0.0,2
2425u,742i,0.0,2
2425u,8907i,0.0,2
2425u,5042i,0.0,2
2425u,6674i,0.0,2
2425u,7690i,0.0,2
2438u,9101i,4.0,2
2443u,4653i,4.0,2
2443u,2729i,2.0,2
2443u,3669i,2.0,2
2443u,9398i,1.0,2
2451u,5980i,5.0,2
2451u,9101i,4.0,2
2451u,323i,4.0,2
2451u,5408i,0.0,2
2451u,9459i,5.0,2
2451u,684i,5.0,2
2451u,6888i,0.0,2
2451u,2984i,0.0,2
2451u,6899i,3.0,2
2474u,4283i,2.0,2
2474u,9018i,5.0,2
2475u,4283i,5.0,2
2475u,323i,5.0,2
2475u,4653i,4.0,2
2475u,5980i,5.0,2
2484u,5980i,4.0,2
2490u,4283i,5.0,2
2494u,9101i,5.0,2
2500u,4283i,1.0,2
2545u,9101i,4.0,2
2546u,5980i,4.0,2
2554u,323i,5.0,2
2554u,5408i,5.0,2
2558u,9101i,4.0,2
2560u,9101i,5.0,2
2560u,1315i,5.0,2
2560u,4283i,3.0,2
2560u,2162i,5.0,2
2560u,2214i,5.0,2
2560u,8606i,5.0,2
2560u,3124i,5.0,2
2560u,7863i,5.0,2
2571u,9101i,4.0,2
2602u,567i,3.0,2
2602u,6676i,4.0,2
2602u,9459i,3.0,2
2610u,7945i,0.0,2
2624u,5980i,4.0,2
2630u,9101i,4.0,2
2631u,9101i,4.0,2
2657u,3669i,3.0,2
2662u,9101i,3.0,2
2662u,9810i,4.0,2
2662u,4283i,3.0,2
2662u,3592i,1.0,2
2662u,1383i,3.0,2
2662u,8724i,3.0,2
2662u,6927i,2.0,2
2662u,6899i,1.0,2
2662u,323i,2.0,2
2662u,6925i,1.0,2
2662u,5074i,4.0,2
2662u,4187i,0.0,2
2662u,8524i,0.0,2
2671u,5980i,4.0,2
2671u,9101i,4.0,2
2685u,9101i,4.0,2
2743u,5980i,4.0,2
2743u,4283i,4.0,2
2743u,9327i,5.0,2
2743u,8524i,5.0,2
2743u,1383i,3.0,2
2743u,9459i,5.0,2
2743u,3346i,5.0,2
2743u,1574i,2.0,2
2747u,5980i,4.0,2
2747u,8874i,0.0,2
2747u,9459i,0.0,2
2749u,5980i,2.0,2
2769u,9101i,4.0,1
2769u,5980i,0.0,1
2770u,1987i,0.0,1
2770u,5460i,3.0,1
2770u,2397i,3.0,1
2770u,7764i,3.0,1
2770u,9132i,2.0,1
2770u,7147i,4.0,1
2770u,6899i,4.0,1
2770u,3747i,0.0,1
2770u,9989i,2.0,1
2770u,3713i,0.0,1
2770u,5980i,0.0,1
2777u,5980i,0.0,2
2777u,3572i,3.0,2
2812u,9101i,4.0,2
2819u,8163i,3.0,2
2819u,2184i,5.0,2
2824u,4283i,5.0,2
2838u,5980i,4.0,2
2838u,9101i,4.0,2
2885u,9101i,5.0,2
2885u,51i,4.0,2
2885u,1450i,1.0,2
2885u,2214i,3.0,2
2885u,1981i,5.0,2
2885u,5980i,0.0,2
2885u,5082i,4.0,2
2885u,4283i,0.0,2
2885u,160i,5.0,2
2885u,5857i,5.0,2
2885u,7945i,1.0,2
2885u,2802i,1.0,2
2885u,3926i,0.0,2
2885u,3495i,3.0,2
2889u,5980i,5.0,2
2889u,9101i,4.0,2
2899u,5980i,4.0,2
2899u,9101i,4.0,2
2961u,9101i,4.0,2
2985u,7764i,3.0,2
2985u,14i,0.0,2
2985u,9101i,2.0,2
2985u,1694i,5.0,2
2985u,9459i,5.0,2
2993u,2086i,3.0,2
2996u,5980i,4.0,2
3060u,5980i,4.0,2
3096u,2086i,0.0,2
3096u,4283i,3.0,2
3119u,4283i,0.0,0
3119u,9320i,0.0,1
3119u,5080i,3.0,1
3119u,1242i,0.0,1
3119u,8814i,0.0,1
3119u,9101i,0.0,1
3119u,5980i,0.0,1
3119u,3317i,5.0,1
3119u,781i,5.0,1
3119u,5405i,5.0,1
3119u,9020i,5.0,1
3119u,72i,5.0,1
3119u,2765i,5.0,1
3119u,8163i,0.0,1
3119u,1792i,5.0,1
3119u,6744i,1.0,1
3119u,8189i,5.0,1
3119u,5969i,1.0,1
3119u,5199i,5.0,1
3119u,2301i,5.0,1
3119u,5644i,5.0,1
3119u,2063i,0.0,1
3119u,284i,0.0,1
3119u,9975i,0.0,1
3119u,6453i,0.0,1
3119u,5044i,0.0,1
3119u,8878i,0.0,1
3119u,406i,0.0,1
3119u,7031i,0.0,1
3119u,3800i,0.0,1
3119u,155i,0.0,1
3119u,4937i,0.0,1
3119u,2157i,0.0,1
3119u,5576i,0.0,1
3119u,8239i,0.0,1
3119u,5782i,0.0,1
3119u,936i,0.0,1
3119u,2397i,0.0,1
3119u,87i,0.0,1
3119u,6828i,0.0,1
3119u,9917i,0.0,1
3119u,8437i,0.0,1
3119u,1867i,0.0,1
3119u,3169i,0.0,1
3119u,7053i,0.0,1
3119u,3067i,0.0,1
3119u,9845i,0.0,1
3119u,2015i,0.0,1
3119u,8650i,0.0,1
3119u,2620i,0.0,1
3119u,9495i,0.0,1
3119u,2724i,0.0,1
3119u,5603i,0.0,1
3119u,9870i,0.0,1
3119u,7843i,0.0,1
3119u,5226i,0.0,1
3119u,6073i,0.0,1
3119u,8569i,0.0,1
3119u,9518i,0.0,1
3119u,5321i,0.0,1
3119u,8144i,0.0,1
3119u,9207i,0.0,1
3119u,2922i,0.0,1
3119u,9190i,0.0,1
3119u,1122i,0.0,1
3119u,5738i,0.0,1
3119u,3081i,0.0,1
3119u,7225i,0.0,1
3119u,7917i,0.0,1
3119u,2241i,0.0,1
3119u,6829i,0.0,1
3119u,8251i,0.0,1
3119u,277i,0.0,1
3119u,7815i,0.0,1
3119u,1863i,0.0,1
3119u,2776i,0.0,1
3119u,5350i,0.0,1
3119u,1080i,0.0,1
3119u,4335i,0.0,1
3119u,9128i,0.0,1
3119u,2292i,0.0,1
3119u,2366i,0.0,1
3119u,1524i,0.0,1
3119u,5800i,0.0,1
3119u,9963i,0.0,1
3119u,8054i,0.0,1
3119u,9810i,0.0,1
3119u,6197i,0.0,1
3119u,9602i,0.0,1
3119u,3322i,0.0,1
3119u,6179i,0.0,1
3119u,5556i,0.0,1
3119u,3823i,0.0,1
3119u,432i,0.0,1
3119u,447i,0.0,1
3119u,8103i,0.0,1
3119u,9794i,0.0,1
3119u,3433i,0.0,1
3119u,1447i,0.0,1
3119u,6105i,0.0,1
3119u,6870i,0.0,1
3119u,3506i,0.0,1
3119u,4603i,0.0,1
3119u,4241i,0.0,1
3119u,1457i,5.0,1
3119u,5639i,0.0,1
3119u,7170i,0.0,1
3119u,8805i,0.0,1
3119u,6903i,0.0,1
3119u,7296i,0.0,1
3119u,8797i,5.0,1
3119u,6923i,0.0,1
3119u,218i,0.0,1
3119u,8298i,0.0,1
3119u,1208i,0.0,1
3119u,411i,0.0,1
3119u,7576i,0.0,1
3119u,8459i,0.0,1
3119u,1427i,0.0,1
3119u,3259i,0.0,1
3119u,6422i,5.0,1
3119u,693i,0.0,1
3119u,2532i,0.0,1
3119u,8231i,0.0,1
3119u,7608i,5.0,1
3119u,391i,5.0,1
3119u,4131i,0.0,1
3136u,4283i,0.0,2
3157u,9101i,4.0,2
3166u,9101i,4.0,2
3177u,2250i,0.0,2
3200u,3322i,4.0,0
3200u,9207i,3.0,0
3200u,9281i,4.0,0
3200u,798i,4.0,0
3200u,7119i,0.0,0
3200u,1377i,3.0,0
3200u,3033i,3.0,0
3200u,9487i,0.0,0
3200u,1242i,4.0,0
3200u,5165i,3.0,0
3200u,7659i,4.0,0
3200u,3218i,4.0,0
3200u,4785i,3.0,0
3200u,1165i,4.0,0
3200u,7945i,1.0,0
3200u,923i,4.0,0
3200u,5460i,3.0,0
3200u,2188i,4.0,0
3200u,3287i,3.0,0
3200u,1369i,3.0,0
3200u,3736i,4.0,0
3200u,28i,3.0,0
3200u,3410i,5.0,0
3200u,2208i,4.0,0
3200u,9309i,2.0,0
3200u,3743i,0.0,0
3200u,7735i,2.0,0
3200u,6927i,0.0,0
3200u,1800i,2.0,0
3200u,9132i,4.0,0
3200u,3938i,3.0,0
3200u,7567i,2.0,0
3200u,279i,3.0,0
3200u,5082i,2.0,0
3200u,1180i,4.0,0
3200u,9001i,5.0,0
3200u,1822i,4.0,0
3200u,6881i,3.0,0
3200u,8163i,0.0,0
3200u,3747i,4.0,0
3200u,7827i,0.0,0
3200u,6740i,3.0,0
3200u,3669i,3.0,0
3200u,7680i,4.0,0
3200u,4162i,3.0,0
3200u,6745i,4.0,0
3200u,3775i,0.0,0
3200u,993i,3.0,0
3200u,8559i,4.0,0
3200u,1950i,4.0,0
3200u,1610i,4.0,0
3200u,2296i,3.0,0
3200u,1644i,3.0,0
3200u,9230i,1.0,0
3200u,642i,3.0,0
3200u,2999i,3.0,0
3200u,3608i,4.0,0
3200u,3677i,4.0,0
3200u,853i,3.0,0
3200u,6018i,0.0,0
3200u,2870i,5.0,0
3200u,7626i,2.0,0
3200u,7506i,3.0,0
3200u,7764i,0.0,0
3200u,482i,0.0,0
3200u,3350i,2.0,0
3200u,7349i,2.0,0
3200u,2452i,5.0,0
3200u,978i,4.0,0
3200u,5441i,3.0,0
3200u,7752i,0.0,0
3200u,6539i,0.0,0
3200u,1996i,2.0,0
3200u,4174i,3.0,0
3200u,6531i,2.0,0
3200u,6721i,2.0,0
3200u,6422i,2.0,0
3200u,1383i,3.0,0
3200u,2732i,3.0,0
3200u,2801i,1.0,0
3200u,9398i,1.0,0
3200u,3785i,3.0,0
3200u,5894i,1.0,0
3200u,9190i,4.0,0
3200u,3839i,0.0,0
3200u,5639i,4.0,0
3200u,4767i,1.0,0
3200u,8797i,4.0,0
3200u,3082i,3.0,0
3200u,6634i,3.0,0
3200u,3527i,4.0,0
3200u,2012i,3.0,0
3200u,5246i,4.0,0
3200u,236i,1.0,0
3200u,427i,3.0,0
3200u,3215i,4.0,0
3200u,1512i,4.0,0
3200u,1086i,1.0,0
3200u,4303i,3.0,0
3200u,5878i,3.0,0
3200u,9156i,3.0,0
3200u,5980i,0.0,0
3200u,2086i,4.0,0
3200u,6117i,2.0,0
3200u,6073i,2.0,0
3200u,8907i,2.0,0
3200u,8423i,3.0,0
3200u,9126i,3.0,0
3200u,1483i,4.0,0
3200u,3999i,3.0,0
3200u,9042i,4.0,0
3200u,5629i,0.0,0
3200u,8048i,4.0,0
3200u,8144i,3.0,0
3200u,5782i,2.0,0
3200u,260i,3.0,0
3200u,4283i,5.0,0
3200u,4901i,2.0,0
3200u,8437i,4.0,1
3200u,3577i,5.0,1
3219u,3572i,5.0,2
3219u,2086i,5.0,2
3224u,1315i,4.0,1
3225u,160i,5.0,2
3250u,9101i,4.0,2
3250u,5408i,4.0,2
3250u,6033i,2.0,2
3273u,5980i,4.0,2
3273u,9101i,4.0,2
3292u,8916i,0.0,2
3292u,6314i,5.0,2
3292u,567i,5.0,2
3292u,6448i,0.0,2
3302u,5980i,4.0,2
3302u,9101i,4.0,2
3321u,9101i,5.0,2
3330u,9101i,5.0,2
3330u,4283i,5.0,2
3338u,9101i,4.0,2
3350u,5980i,4.0,2
3355u,5980i,4.0,2
3355u,9101i,4.0,2
3360u,9101i,4.0,2
3387u,9101i,3.0,1
3387u,5980i,0.0,1
3387u,405i,0.0,1
3387u,2478i,0.0,1
3387u,8746i,0.0,1
3387u,2984i,1.0,1
3387u,7009i,2.0,1
3387u,323i,3.0,1
3387u,4859i,0.0,2
3387u,5408i,3.0,2
3387u,616i,3.0,2
3387u,2910i,0.0,2
3406u,6353i,4.0,2
3407u,9229i,5.0,1
3407u,6899i,4.0,1
3407u,2086i,5.0,1
3407u,9870i,2.0,1
3407u,7876i,4.0,1
3407u,6792i,1.0,1
3407u,3169i,2.0,1
3407u,3067i,2.0,1
3407u,9845i,2.0,1
3407u,5564i,1.0,1
3407u,5980i,0.0,1
3407u,4725i,3.0,1
3407u,4557i,2.0,1
3407u,4119i,2.0,1
3407u,1130i,0.0,1
3407u,9101i,0.0,1
3407u,6353i,0.0,1
3407u,1127i,0.0,1
3407u,8441i,1.0,1
3407u,5441i,4.0,1
3407u,3351i,1.0,1
3407u,160i,0.0,1
3407u,9132i,1.0,1
3407u,1450i,2.0,1
3407u,8805i,3.0,1
3407u,2201i,3.0,1
3407u,3669i,5.0,1
3407u,1039i,0.0,1
3407u,7065i,0.0,1
3407u,8886i,0.0,1
3407u,1996i,0.0,1
3407u,497i,0.0,1
3407u,8878i,0.0,1
3407u,9724i,0.0,1
3407u,6903i,5.0,2
3407u,3521i,0.0,2
3407u,4653i,0.0,2
3407u,3713i,2.0,2
3419u,9101i,4.0,2
3459u,9101i,1.0,2
3459u,8524i,4.0,2
3461u,8163i,5.0,2
3461u,5857i,5.0,2
3474u,9101i,4.0,2
3480u,4545i,5.0,2
3480u,9809i,5.0,2
3480u,1369i,5.0,2
3480u,8724i,5.0,2
3480u,8807i,5.0,2
3480u,2552i,5.0,2
3480u,5073i,5.0,2
3480u,4697i,5.0,2
3480u,5068i,5.0,2
3480u,6179i,5.0,2
3480u,4394i,5.0,2
3487u,684i,5.0,2
3487u,4653i,5.0,2
3489u,4283i,0.0,2
3489u,9339i,5.0,2
3489u,9229i,0.0,2
3489u,5857i,5.0,2
3489u,7945i,5.0,2
3489u,1315i,5.0,2
3489u,5460i,5.0,2
3489u,323i,5.0,2
3489u,6838i,5.0,2
3492u,4024i,0.0,2
3492u,9459i,0.0,2
3492u,4406i,0.0,2
3492u,8441i,0.0,2
3492u,9596i,0.0,2
3492u,5408i,0.0,2
3492u,567i,0.0,2
3502u,7996i,4.0,2
3502u,9986i,4.0,2
3502u,6897i,4.0,2
3504u,5980i,4.0,2
3516u,5980i,4.0,2
3519u,9101i,4.0,2
3523u,9101i,4.0,2
3537u,5980i,4.0,2
3539u,5980i,4.0,2
3539u,9101i,4.0,2
3555u,9101i,4.0,2
3560u,5980i,4.0,2
3561u,5667i,5.0,1
3561u,7433i,5.0,1
3561u,9101i,4.0,1
3561u,8520i,4.0,1
3563u,7558i,3.0,2
3567u,4653i,5.0,2
3568u,4283i,0.0,2
3570u,9101i,4.0,2
3606u,9101i,4.0,2
3607u,9101i,4.0,2
3632u,9101i,4.0,2
3668u,9101i,4.0,1
3668u,7876i,0.0,1
3668u,6899i,0.0,1
3702u,4283i,0.0,2
3724u,6897i,4.0,2
3724u,5408i,3.0,2
3724u,4837i,4.0,2
3724u,5857i,4.0,2
3724u,3917i,0.0,2
3724u,1140i,4.0,2
3724u,1911i,4.0,2
3724u,7059i,0.0,2
3724u,2111i,5.0,2
3733u,4283i,2.0,0
3733u,5738i,0.0,0
3733u,3259i,2.0,0
3733u,9128i,4.0,0
3733u,9101i,2.0,0
3733u,5857i,0.0,0
3733u,3669i,0.0,0
3733u,1244i,5.0,0
3733u,4119i,4.0,0
3733u,3547i,0.0,0
3733u,3582i,2.0,0
3733u,1080i,3.0,0
3733u,5441i,2.0,0
3733u,5556i,2.0,0
3733u,1889i,2.0,1
3733u,968i,0.0,1
3733u,2406i,3.0,1
3733u,9986i,3.0,1
3733u,2184i,0.0,1
3733u,9499i,0.0,1
3733u,1456i,0.0,1
3733u,1333i,0.0,1
3733u,8103i,5.0,1
3733u,8918i,0.0,1
3733u,6539i,5.0,1
3733u,3720i,0.0,1
3733u,5521i,0.0,1
3733u,5006i,0.0,1
3733u,9518i,3.0,1
3733u,4942i,1.0,2
3733u,1383i,0.0,2
3733u,9018i,0.0,2
3733u,2015i,0.0,2
3733u,495i,0.0,2
3733u,777i,3.0,2
3733u,6899i,2.0,2
3733u,1103i,3.0,2
3733u,4697i,5.0,2
3733u,1344i,4.0,2
3733u,1127i,4.0,2
3733u,6829i,0.0,2
3733u,323i,5.0,2
3733u,1971i,0.0,2
3733u,3094i,0.0,2
3733u,8441i,3.0,2
3740u,5460i,0.0,1
3740u,6897i,0.0,1
3740u,3577i,0.0,1
3740u,5621i,0.0,1
3759u,5980i,4.0,2
3759u,9101i,4.0,2
3793u,4283i,3.0,2
3793u,323i,0.0,2
3836u,684i,5.0,2
3839u,3577i,4.0,2
3839u,4745i,4.0,2
3839u,7945i,4.0,2
3839u,5408i,0.0,2
3839u,5521i,0.0,2
3839u,9101i,3.0,2
3839u,4283i,2.0,2
3839u,8597i,5.0,2
3839u,7996i,4.0,2
3851u,9101i,5.0,2
3851u,9459i,0.0,2
3851u,567i,0.0,2
3851u,6119i,0.0,2
3856u,9101i,4.0,2
3865u,9101i,4.0,2
3869u,9101i,4.0,2
3874u,5980i,4.0,2
3874u,9101i,4.0,2
3878u,5350i,2.0,1
3878u,4210i,3.0,2
3887u,9101i,4.0,2
3891u,9459i,5.0,2
3891u,8437i,5.0,2
3891u,3229i,5.0,2
3891u,8483i,5.0,2
3891u,7668i,5.0,2
3891u,3577i,3.0,2
3891u,5382i,5.0,2
3891u,6337i,5.0,2
3891u,5484i,0.0,2
3891u,9278i,4.0,2
3891u,6975i,5.0,2
3891u,9132i,5.0,2
3891u,9190i,2.0,2
3891u,7764i,5.0,2
3894u,5844i,5.0,2
3907u,5980i,4.0,2
3947u,5980i,4.0,2
3957u,8872i,5.0,0
3957u,9190i,5.0,2
3957u,7945i,4.0,2
4015u,5782i,0.0,1
4015u,5857i,3.0,1
4015u,2086i,0.0,1
4015u,5246i,4.0,1
4015u,6745i,1.0,1
4015u,1129i,2.0,1
4015u,3009i,1.0,1
4015u,5980i,0.0,1
4015u,5460i,0.0,1
4015u,5247i,0.0,1
4015u,228i,0.0,1
4015u,5165i,3.0,1
4015u,7764i,3.0,1
4015u,160i,0.0,2
4015u,9459i,1.0,2
4018u,9101i,4.0,2
4018u,51i,5.0,2
4018u,8036i,5.0,2
4052u,1476i,0.0,1
4052u,9101i,0.0,1
4052u,5980i,4.0,1
4052u,9132i,3.0,1
4057u,5980i,4.0,2
4095u,2162i,5.0,2
4095u,5857i,0.0,2
4095u,6539i,0.0,2
4095u,8606i,5.0,2
4095u,323i,5.0,2
4095u,6690i,5.0,2
4095u,6984i,5.0,2
4097u,7059i,4.0,2
4097u,5441i,4.0,2
4097u,6899i,3.0,2
4097u,4789i,4.0,2
4112u,5980i,4.0,2
4112u,684i,3.0,2
4128u,4283i,4.0,2
4128u,9459i,5.0,2
4128u,260i,0.0,2
4128u,7945i,4.0,2
4128u,323i,4.0,2
4128u,4358i,2.0,2
4128u,6059i,3.0,2
4128u,2110i,3.0,2
4128u,9524i,0.0,2
4128u,4859i,3.0,2
4129u,5980i,4.0,2
4140u,5980i,4.0,2
4143u,5980i,4.0,2
4143u,9101i,4.0,2
4159u,4653i,5.0,2
4159u,9101i,5.0,2
4171u,4283i,3.0,2
4174u,9101i,4.0,2
4207u,9101i,4.0,2
4221u,5980i,4.0,2
4229u,51i,5.0,1
4229u,9101i,4.0,1
4312u,9101i,4.0,2
4345u,9101i,4.0,2
4348u,4283i,2.0,2
4348u,4653i,3.0,2
4348u,1383i,4.0,2
4348u,9101i,0.0,2
4348u,5980i,0.0,2
4348u,5402i,4.0,2
4348u,4072i,1.0,2
4348u,3082i,3.0,2
4348u,4557i,0.0,2
4348u,3359i,0.0,2
4348u,4664i,0.0,2
4348u,7945i,0.0,2
4348u,5345i,0.0,2
4348u,7049i,0.0,2
4348u,9278i,1.0,2
4348u,853i,0.0,2
4348u,7027i,0.0,2
4348u,9459i,3.0,2
4348u,9398i,0.0,2
4348u,6984i,1.0,2
4348u,9548i,0.0,2
4348u,7451i,3.0,2
4348u,4859i,0.0,2
4348u,160i,0.0,2
4348u,3527i,0.0,2
4348u,3669i,0.0,2
4348u,323i,0.0,2
4348u,616i,1.0,2
4348u,7764i,5.0,2
4348u,5844i,5.0,2
4372u,9101i,4.0,2
4378u,5980i,4.0,2
4378u,9101i,4.0,2
4415u,4653i,3.0,2
4433u,9101i,4.0,2
4434u,9101i,4.0,2
4447u,5852i,4.0,2
4447u,8163i,0.0,2
4447u,4283i,0.0,2
4449u,9101i,4.0,2
4450u,9101i,4.0,2
4459u,9459i,0.0,2
4459u,9101i,4.0,2
4465u,4283i,0.0,1
4465u,3359i,4.0,1
4465u,6539i,3.0,1
4465u,3527i,4.0,1
4465u,2602i,4.0,1
4465u,160i,3.0,1
4465u,3572i,0.0,1
4465u,1165i,0.0,1
4465u,7302i,1.0,1
4465u,2086i,0.0,1
4465u,5441i,0.0,1
4465u,9339i,0.0,1
4465u,4358i,0.0,1
4465u,5980i,0.0,1
4465u,1450i,4.0,1
4465u,323i,0.0,1
4465u,1013i,0.0,1
4465u,3943i,0.0,1
4465u,7863i,2.0,1
4465u,6811i,2.0,1
4465u,1315i,3.0,1
4465u,482i,0.0,1
4465u,6949i,2.0,1
4465u,7044i,0.0,1
4465u,9596i,1.0,1
4465u,4789i,2.0,1
4465u,7118i,2.0,1
4465u,5767i,3.0,1
4465u,6249i,3.0,1
4465u,8606i,3.0,1
4465u,324i,4.0,1
4465u,5319i,3.0,1
4465u,2556i,0.0,1
4465u,8420i,2.0,1
4465u,7808i,2.0,1
4465u,4522i,5.0,2
4465u,9486i,5.0,2
4465u,9625i,4.0,2
4465u,4691i,0.0,2
4465u,2867i,4.0,2
4465u,294i,4.0,2
4465u,2191i,3.0,2
4465u,4424i,4.0,2
4465u,5723i,4.0,2
4465u,8865i,5.0,2
4465u,5334i,3.0,2
4465u,9686i,5.0,2
4465u,2658i,3.0,2
4465u,3072i,4.0,2
4465u,8914i,3.0,2
4465u,2527i,3.0,2
4465u,4360i,4.0,2
4465u,1627i,4.0,2
4465u,8162i,4.0,2
4465u,4547i,0.0,2
4465u,446i,4.0,2
4465u,1996i,3.0,2
4465u,254i,3.0,2
4466u,9101i,5.0,2
4466u,5408i,5.0,2
4468u,5980i,4.0,2
4473u,9101i,4.0,2
4473u,4283i,0.0,2
4482u,9101i,4.0,2
4485u,5980i,4.0,2
4486u,5980i,4.0,2
4486u,9101i,4.0,2
4487u,447i,5.0,2
4531u,1383i,4.0,1
4537u,6969i,0.0,2
4537u,4653i,0.0,2
4573u,4653i,4.0,2
4573u,5408i,5.0,2
4573u,9148i,0.0,2
4573u,51i,4.0,2
4573u,2214i,4.0,2
4573u,6539i,0.0,2
4573u,323i,3.0,2
4582u,9101i,4.0,2
4618u,3433i,5.0,2
4618u,5857i,5.0,2
4622u,7808i,3.0,2
4622u,2406i,2.0,2
4622u,6061i,0.0,2
4622u,6539i,3.0,2
4622u,3669i,0.0,2
4622u,2368i,4.0,2
4622u,9101i,0.0,2
4629u,9101i,4.0,2
4663u,9810i,5.0,2
4663u,5350i,4.0,2
4663u,4283i,0.0,2
4663u,4938i,4.0,2
4676u,5980i,4.0,2
4676u,9101i,4.0,2
4676u,2086i,5.0,2
4676u,1127i,3.0,2
4684u,6981i,4.0,2
4684u,684i,4.0,2
4684u,4283i,0.0,2
4684u,4009i,4.0,2
4685u,9101i,3.0,2
4695u,9101i,4.0,2
4695u,8163i,5.0,2
4698u,5980i,4.0,2
4713u,5980i,4.0,2
4713u,9101i,4.0,2
4725u,1103i,3.0,2
4725u,6155i,3.0,2
4725u,6856i,5.0,2
4725u,9101i,4.0,2
4725u,1628i,4.0,2
4725u,1483i,5.0,2
4728u,9101i,4.0,2
4739u,1450i,4.0,2
4755u,9101i,4.0,2
4755u,323i,5.0,2
4755u,4541i,5.0,2
4755u,4653i,5.0,2
4765u,5980i,4.0,2
4765u,9101i,4.0,2
4812u,9101i,4.0,2
4820u,4283i,3.0,2
4820u,1103i,4.0,2
4842u,4283i,0.0,2
4847u,8899i,0.0,2
4847u,3159i,2.0,2
4875u,5980i,4.0,2
4893u,5980i,4.0,2
4896u,9101i,4.0,2
4912u,4283i,5.0,2
4912u,7230i,0.0,2
4920u,5980i,4.0,2
4927u,9018i,4.0,2
4928u,9101i,5.0,2
4932u,1127i,0.0,2
4932u,8163i,0.0,2
4936u,9101i,4.0,2
4984u,9101i,4.0,2
4998u,2086i,3.0,2
4999u,9101i,4.0,2
5010u,9101i,4.0,2
5010u,5013i,5.0,2
5010u,5893i,5.0,2
5020u,9101i,4.0,2
5046u,3184i,0.0,2
5046u,7874i,0.0,2
5046u,8674i,0.0,2
5046u,3351i,0.0,2
5046u,6049i,0.0,2
5046u,8868i,0.0,2
5046u,3475i,0.0,2
5046u,4283i,3.0,2
5046u,9900i,0.0,2
5046u,9459i,0.0,2
5046u,6223i,0.0,2
5046u,744i,0.0,2
5046u,8163i,0.0,2
5046u,4377i,0.0,2
5046u,7996i,0.0,2
5046u,7697i,0.0,2
5046u,722i,0.0,2
5046u,947i,0.0,2
5046u,3616i,0.0,2
5046u,5204i,0.0,2
5046u,6760i,0.0,2
5046u,1636i,0.0,2
5046u,9648i,0.0,2
5046u,2024i,0.0,2
5046u,3926i,0.0,2
5046u,1118i,0.0,2
5046u,4963i,0.0,2
5046u,63i,0.0,2
5046u,1285i,0.0,2
5046u,4635i,0.0,2
5046u,9339i,0.0,2
5046u,4741i,0.0,2
5046u,7764i,0.0,2
5046u,1317i,0.0,2
5046u,4071i,0.0,2
5046u,1026i,0.0,2
5046u,3218i,0.0,2
5046u,6876i,0.0,2
5046u,6899i,0.0,2
5046u,216i,0.0,2
5046u,2047i,0.0,2
5046u,921i,0.0,2
5046u,3350i,0.0,2
5046u,9951i,0.0,2
5046u,1933i,0.0,2
5046u,5631i,0.0,2
5046u,7035i,0.0,2
5046u,643i,0.0,2
5046u,3165i,0.0,2
5046u,3220i,0.0,2
5046u,3533i,0.0,2
5058u,9101i,4.0,2
5058u,5408i,0.0,2
5058u,684i,0.0,2
5058u,6899i,5.0,2
5059u,1383i,5.0,1
5059u,4283i,0.0,1
5059u,4653i,0.0,1
5059u,7876i,5.0,1
5060u,5894i,0.0,2
5060u,9459i,0.0,2
5060u,8144i,2.0,2
5060u,1127i,0.0,2
5060u,6909i,5.0,2
5060u,6745i,5.0,2
5060u,9207i,5.0,2
5060u,5010i,5.0,2
5060u,5695i,5.0,2
5060u,9746i,5.0,2
5060u,3800i,5.0,2
5060u,1086i,5.0,2
5060u,4580i,5.0,2
5060u,7029i,5.0,2
5060u,200i,5.0,2
5060u,2431i,5.0,2
5060u,7764i,0.0,2
5060u,4283i,0.0,2
5060u,5080i,0.0,2
5060u,1683i,0.0,2
5060u,3669i,0.0,2
5060u,514i,5.0,2
5060u,1532i,0.0,2
5074u,1678i,5.0,2
5074u,4445i,5.0,2
5115u,9101i,4.0,2
5119u,9101i,5.0,2
5119u,323i,5.0,2
5119u,4653i,5.0,2
5124u,5980i,4.0,2
5124u,9101i,4.0,2
5133u,5980i,4.0,2
5133u,9101i,4.0,2
5137u,4653i,3.0,2
5171u,5980i,4.0,2
5197u,9101i,4.0,2
5197u,4653i,2.0,2
5202u,5980i,4.0,2
5211u,4653i,0.0,2
5236u,2478i,5.0,2
5243u,9101i,4.0,2
5245u,9101i,5.0,2
5272u,5980i,4.0,2
5272u,9101i,4.0,2
5275u,9101i,4.0,2
5278u,684i,5.0,2
5311u,9101i,4.0,2
5318u,9101i,4.0,2
5345u,9101i,5.0,1
5345u,5408i,5.0,2
5350u,9101i,4.0,2
5361u,5980i,4.0,2
5361u,9101i,5.0,2
5361u,684i,5.0,2
5361u,4283i,4.0,2
5361u,4653i,5.0,2
5369u,9101i,4.0,2
5375u,9018i,5.0,2
5375u,853i,3.0,2
5375u,4283i,0.0,2
5375u,5894i,4.0,2
5375u,934i,0.0,2
5375u,9398i,3.0,2
5375u,2367i,0.0,2
5375u,4582i,0.0,2
5375u,1166i,0.0,2
5375u,6376i,0.0,2
5375u,4936i,0.0,2
5375u,6203i,0.0,2
5375u,1429i,0.0,2
5375u,9747i,0.0,2
5375u,2469i,0.0,2
5375u,6445i,0.0,2
5399u,5980i,4.0,2
5416u,9101i,4.0,2
5429u,9101i,4.0,2
5466u,4283i,0.0,2
5481u,9101i,4.0,2
5481u,3713i,3.0,2
5481u,160i,3.0,2
5481u,2406i,3.0,2
5481u,7258i,5.0,2
5481u,1699i,4.0,2
5481u,8874i,4.0,2
5481u,5408i,4.0,2
5481u,6539i,4.0,2
5481u,6249i,4.0,2
5481u,6899i,4.0,2
5481u,7945i,1.0,2
5481u,293i,0.0,2
5481u,9870i,2.0,2
5481u,3980i,2.0,2
5481u,8155i,3.0,2
5481u,9459i,3.0,2
5481u,7845i,3.0,2
5520u,9101i,4.0,2
5526u,3521i,0.0,2
5550u,4653i,4.0,2
5555u,9101i,4.0,1
5555u,4283i,0.0,1
5574u,9101i,4.0,2
5584u,5980i,4.0,2
5593u,9101i,4.0,2
5604u,5980i,4.0,2
5604u,9101i,5.0,2
5621u,1662i,5.0,2
5635u,1383i,4.0,2
5635u,3669i,1.0,2
5635u,4653i,4.0,2
5638u,4653i,4.0,2
5656u,9101i,4.0,2
5710u,4283i,0.0,2
5710u,7059i,4.0,2
5710u,4653i,5.0,2
5710u,5857i,5.0,2
5726u,9101i,4.0,2
5726u,7983i,0.0,2
5726u,7059i,5.0,2
5726u,5460i,5.0,2
5727u,9132i,2.0,1
5727u,5350i,3.0,1
5727u,1383i,5.0,1
5727u,5980i,2.0,1
5727u,1344i,0.0,1
5727u,1242i,2.0,1
5727u,4283i,3.0,1
5727u,2829i,0.0,1
5727u,6811i,3.0,1
5727u,2532i,4.0,1
5727u,9689i,3.0,1
5727u,8231i,4.0,1
5727u,5865i,3.0,1
5727u,3196i,3.0,1
5727u,8665i,2.0,1
5727u,7567i,1.0,1
5727u,2502i,4.0,1
5727u,4859i,4.0,1
5727u,3286i,4.0,1
5727u,5764i,5.0,1
5727u,4187i,2.0,1
5727u,5460i,0.0,1
5727u,242i,4.0,1
5727u,9725i,3.0,1
5727u,504i,3.0,1
5736u,4653i,5.0,2
5753u,6643i,4.0,2
5753u,1344i,4.0,2
5753u,3853i,0.0,2
5757u,9101i,1.0,2
5757u,4283i,4.0,2
5763u,9101i,4.0,2
5772u,9101i,4.0,2
5779u,3669i,5.0,2
5779u,7021i,0.0,2
5780u,5980i,4.0,2
5795u,4283i,0.0,2
5807u,112i,0.0,0
5807u,1344i,4.0,0
5807u,3291i,5.0,0
5807u,1i,0.0,0
5807u,5350i,4.0,0
5807u,1932i,0.0,0
5807u,2765i,0.0,0
5807u,1039i,5.0,0
5807u,916i,0.0,0
5807u,1822i,2.0,0
5807u,649i,2.0,0
5807u,5806i,0.0,0
5807u,1369i,0.0,0
5807u,405i,2.0,0
5807u,5718i,0.0,0
5807u,4948i,0.0,0
5807u,9278i,0.0,0
5807u,1757i,0.0,0
5807u,9230i,0.0,0
5807u,3748i,0.0,0
5807u,8064i,0.0,0
5807u,1460i,0.0,0
5807u,3259i,3.0,0
5807u,6253i,0.0,0
5807u,4060i,0.0,0
5807u,7735i,0.0,0
5807u,8441i,3.0,0
5807u,3600i,0.0,0
5807u,5980i,4.0,0
5807u,1127i,5.0,0
5807u,8910i,3.0,0
5807u,6721i,0.0,0
5807u,6903i,1.0,0
5807u,9916i,2.0,0
5807u,2162i,0.0,2
5824u,9101i,4.0,2
5830u,7945i,0.0,2
5830u,4283i,0.0,2
5830u,6539i,0.0,2
5830u,9190i,5.0,2
5830u,5556i,2.0,2
5830u,5068i,3.0,2
5830u,4671i,4.0,2
5830u,8163i,5.0,2
5830u,659i,0.0,2
5830u,3259i,4.0,2
5830u,7808i,0.0,2
5830u,7302i,0.0,2
5842u,5408i,5.0,2
5853u,4283i,0.0,0
5853u,1996i,4.0,1
5853u,1383i,3.0,1
5895u,5980i,0.0,2
5895u,4283i,1.0,2
5895u,8420i,0.0,2
5895u,323i,4.0,2
5895u,9321i,0.0,2
5895u,9459i,5.0,2
5918u,9101i,4.0,2
5959u,5980i,4.0,2
5966u,9101i,4.0,2
5993u,1369i,0.0,0
5993u,1208i,0.0,0
5993u,1427i,0.0,0
5993u,4603i,3.0,0
5993u,6105i,2.0,0
5993u,6903i,4.0,0
5993u,8298i,0.0,0
5993u,405i,0.0,0
5993u,1532i,3.0,0
5993u,5165i,0.0,0
5993u,3839i,0.0,0
5993u,4245i,0.0,0
5993u,6674i,3.0,0
5993u,4283i,5.0,0
5993u,1383i,4.0,2
5993u,4653i,0.0,2
6017u,1996i,4.0,2
6041u,9101i,4.0,2
6063u,3588i,3.0,2
6069u,9101i,5.0,2
6071u,5980i,4.0,2
6071u,9101i,4.0,2
6072u,4283i,0.0,2
6080u,9101i,4.0,2
6099u,4283i,4.0,2
6099u,5980i,3.0,2
6099u,9101i,0.0,2
6099u,4557i,0.0,2
6099u,4653i,0.0,2
6099u,8845i,4.0,2
6152u,5980i,4.0,2
6159u,9101i,4.0,2
6159u,4653i,5.0,2
6159u,5408i,5.0,2
6159u,567i,2.0,2
6159u,6899i,5.0,2
6159u,323i,5.0,2
6159u,8507i,0.0,2
6167u,5980i,4.0,2
6176u,5980i,4.0,2
6176u,9101i,4.0,2
6237u,9101i,4.0,2
6237u,323i,4.0,2
6238u,5980i,4.0,2
6248u,9101i,4.0,2
6248u,5350i,4.0,2
6271u,5980i,4.0,1
6271u,1127i,0.0,1
6271u,3846i,1.0,1
6288u,5980i,4.0,2
6310u,9101i,4.0,2
6314u,1996i,4.0,2
6343u,7945i,4.0,2
6343u,2086i,0.0,2
6343u,1242i,0.0,2
6343u,3572i,0.0,2
6344u,9101i,4.0,2
6377u,5980i,4.0,2
6440u,4283i,0.0,2
6443u,5980i,4.0,2
6443u,9101i,4.0,2
6475u,4283i,3.0,2
6483u,853i,5.0,2
6483u,684i,5.0,2
6483u,5556i,5.0,2
6483u,4338i,5.0,2
6483u,1636i,0.0,2
6498u,2086i,3.0,2
6505u,5980i,4.0,2
6508u,3669i,4.0,2
6508u,4283i,0.0,2
6521u,4283i,4.0,2
6521u,1097i,4.0,2
6521u,7945i,3.0,2
6521u,5857i,3.0,2
6521u,6811i,4.0,2
6521u,5010i,5.0,2
6521u,5894i,4.0,2
6521u,3956i,4.0,2
6521u,4187i,4.0,2
6542u,5980i,4.0,2
6551u,9101i,4.0,2
6573u,9101i,4.0,2
6591u,5980i,4.0,2
6591u,9101i,4.0,2
6593u,4283i,0.0,2
6603u,684i,4.0,2
6610u,9101i,4.0,2
6614u,323i,2.0,2
6653u,5980i,4.0,2
6653u,9101i,4.0,2
6654u,9101i,4.0,2
6675u,4439i,0.0,2
6676u,684i,5.0,2
6676u,9459i,0.0,2
6686u,4653i,5.0,2
6688u,616i,0.0,2
6691u,5413i,0.0,2
6691u,4283i,3.0,2
6691u,5725i,0.0,2
6695u,5980i,4.0,2
6714u,5980i,0.0,2
6722u,7945i,4.0,1
6723u,9101i,4.0,2
6726u,4283i,1.0,2
6726u,9459i,4.0,2
6726u,5857i,4.0,2
6739u,4283i,5.0,2
6739u,9101i,4.0,2
6781u,567i,4.0,2
6781u,762i,1.0,2
6781u,6899i,4.0,2
6781u,3422i,5.0,2
6781u,7423i,0.0,2
6788u,4653i,5.0,2
6792u,5980i,4.0,2
6858u,4283i,0.0,2
6890u,4283i,2.0,2
6890u,9101i,5.0,2
6890u,5408i,3.0,2
6890u,9091i,0.0,2
6890u,2162i,4.0,2
6890u,684i,4.0,2
6890u,2984i,0.0,2
6890u,446i,0.0,2
6890u,51i,4.0,2
6890u,2669i,4.0,2
6897u,4283i,1.0,1
6897u,3832i,3.0,1
6897u,6712i,3.0,1
6916u,6634i,0.0,2
6949u,9101i,4.0,2
6960u,9101i,5.0,2
6968u,5980i,4.0,2
6968u,9101i,4.0,2
7003u,3259i,5.0,2
7003u,9101i,0.0,2
7003u,3669i,0.0,2
7003u,853i,1.0,2
7003u,616i,2.0,2
7003u,6897i,0.0,2
7003u,4338i,3.0,2
7003u,6539i,0.0,2
7003u,6105i,1.0,2
7003u,5980i,0.0,2
7003u,9290i,1.0,2
7003u,9398i,0.0,2
7003u,5878i,2.0,2
7003u,4283i,0.0,2
7003u,6783i,3.0,2
7003u,9018i,0.0,2
7003u,968i,1.0,2
7003u,5006i,1.0,2
7003u,2184i,0.0,2
7003u,777i,4.0,2
7003u,3577i,0.0,2
7003u,2801i,0.0,2
7003u,9164i,0.0,2
7003u,1383i,2.0,2
7003u,4671i,0.0,2
7003u,9093i,0.0,2
7003u,6620i,0.0,2
7003u,1971i,0.0,2
7003u,6531i,0.0,2
7003u,5196i,0.0,2
7003u,4476i,0.0,2
7003u,1928i,0.0,2
7003u,6191i,0.0,2
7012u,5980i,4.0,2
7012u,9101i,4.0,2
7030u,9459i,0.0,2
7037u,7863i,0.0,1
7037u,9101i,0.0,1
7037u,1383i,0.0,1
7037u,2782i,0.0,1
7037u,2214i,0.0,1
7037u,3720i,0.0,1
7037u,9558i,0.0,1
7037u,934i,0.0,1
7037u,95i,0.0,1
7037u,1743i,0.0,1
7037u,8524i,0.0,1
7037u,4283i,0.0,1
7037u,7855i,0.0,1
7037u,3359i,0.0,2
7037u,8606i,0.0,2
7037u,5521i,0.0,2
7037u,684i,0.0,2
7037u,8746i,5.0,2
7037u,1114i,0.0,2
7037u,7939i,0.0,2
7044u,9459i,1.0,2
7044u,5980i,0.0,2
7044u,1483i,3.0,2
7046u,9101i,5.0,2
7046u,5350i,5.0,2
7046u,5408i,5.0,2
7046u,323i,5.0,2
7047u,5980i,4.0,2
7047u,9101i,4.0,2
7048u,6690i,4.0,2
7056u,9101i,4.0,2
7056u,4283i,5.0,2
7056u,6984i,5.0,2
7056u,6539i,5.0,2
7056u,8606i,5.0,2
7056u,1315i,5.0,2
7056u,7273i,5.0,2
7056u,2468i,5.0,2
7056u,7536i,5.0,2
7056u,5857i,0.0,2
7068u,5980i,4.0,2
7094u,1383i,4.0,2
7094u,4653i,4.0,2
7094u,6394i,0.0,2
7105u,5980i,4.0,2
7105u,9101i,4.0,2
7108u,9101i,4.0,2
7108u,4577i,5.0,2
7108u,323i,4.0,2
7111u,5556i,3.0,2
7147u,4283i,3.0,2
7156u,3527i,4.0,2
7156u,9459i,3.0,2
7156u,8588i,0.0,2
7156u,838i,0.0,2
7156u,916i,5.0,2
7156u,8198i,0.0,2
7156u,323i,5.0,2
7156u,7616i,0.0,2
7156u,3572i,3.0,2
7156u,2976i,0.0,2
7156u,6314i,0.0,2
7156u,2222i,0.0,2
7156u,3988i,0.0,2
7156u,5403i,0.0,2
7156u,4434i,0.0,2
7158u,5980i,4.0,2
7158u,9101i,4.0,2
7160u,9101i,4.0,2
7177u,9101i,4.0,2
7195u,5980i,4.0,2
7199u,9101i,4.0,2
7217u,160i,1.0,1
7217u,5857i,0.0,1
7217u,3359i,0.0,1
7217u,446i,0.0,1
7217u,7764i,0.0,1
7217u,2478i,0.0,1
7217u,6949i,0.0,1
7217u,2504i,0.0,1
7217u,2086i,0.0,1
7217u,1103i,0.0,1
7217u,2635i,0.0,1
7217u,8163i,0.0,1
7217u,2984i,5.0,1
7217u,228i,0.0,1
7217u,9016i,0.0,1
7217u,4283i,0.0,1
7217u,2782i,5.0,1
7217u,2214i,5.0,1
7217u,9558i,0.0,1
7217u,1743i,0.0,1
7217u,51i,5.0,1
7217u,8339i,0.0,1
7217u,684i,5.0,1
7217u,4482i,0.0,1
7217u,9461i,0.0,1
7217u,4325i,0.0,1
7217u,7009i,5.0,1
7217u,9101i,5.0,1
7217u,3813i,0.0,1
7217u,9339i,0.0,1
7217u,3917i,0.0,1
7217u,4726i,0.0,1
7217u,3527i,0.0,1
7217u,1735i,0.0,1
7217u,2602i,0.0,1
7217u,7824i,0.0,1
7217u,7845i,0.0,1
7217u,8746i,5.0,1
7217u,7118i,0.0,1
7217u,1596i,0.0,1
7217u,5962i,0.0,1
7217u,323i,5.0,1
7217u,303i,0.0,1
7217u,5357i,0.0,1
7217u,9285i,0.0,1
7217u,5319i,0.0,1
7217u,4333i,0.0,1
7217u,8599i,0.0,1
7217u,7744i,0.0,1
7217u,3952i,0.0,1
7217u,2981i,0.0,1
7217u,4896i,0.0,1
7217u,194i,0.0,1
7217u,6726i,0.0,2
7239u,4283i,4.0,2
7239u,5980i,4.0,2
7239u,9101i,4.0,2
7257u,5980i,4.0,2
7257u,9101i,4.0,2
7267u,5017i,0.0,2
7267u,7120i,0.0,2
7297u,9101i,4.0,2
7303u,323i,5.0,2
7310u,9101i,4.0,2
7310u,78i,4.0,2
7314u,6179i,5.0,2
7314u,4283i,0.0,2
7322u,9101i,4.0,2
7336u,9101i,4.0,2
7337u,5980i,0.0,2
7337u,4210i,4.0,2
7337u,323i,0.0,2
7344u,5980i,4.0,1
7344u,9101i,4.0,1
7350u,4653i,2.0,2
7350u,7003i,0.0,2
7350u,1450i,0.0,2
7350u,1383i,0.0,2
7350u,4283i,0.0,2
7350u,9101i,0.0,2
7350u,5534i,0.0,2
7350u,3783i,0.0,2
7350u,6653i,0.0,2
7350u,2984i,0.0,2
7350u,160i,0.0,2
7350u,5771i,0.0,2
7350u,3527i,0.0,2
7350u,256i,0.0,2
7350u,616i,0.0,2
7350u,5408i,0.0,2
7350u,1301i,0.0,2
7350u,697i,0.0,2
7350u,4503i,0.0,2
7350u,3359i,1.0,2
7350u,1951i,0.0,2
7350u,217i,0.0,2
7350u,323i,0.0,2
7350u,1581i,0.0,2
7350u,5614i,0.0,2
7350u,8861i,0.0,2
7350u,6873i,0.0,2
7350u,7321i,0.0,2
7350u,2793i,0.0,2
7350u,3952i,0.0,2
7350u,7004i,0.0,2
7350u,24i,0.0,2
7353u,9101i,4.0,2
7357u,9101i,4.0,2
7376u,9459i,3.0,2
7376u,9101i,2.0,2
7376u,4283i,2.0,2
7376u,8797i,4.0,2
7376u,7034i,2.0,2
7376u,5441i,3.0,2
7376u,1345i,2.0,2
7394u,5980i,4.0,2
7394u,9101i,4.0,2
7397u,4283i,0.0,2
7407u,9101i,5.0,2
7413u,5980i,4.0,2
7413u,323i,5.0,2
7413u,8036i,0.0,2
7413u,7404i,5.0,2
7413u,7489i,5.0,2
7424u,8103i,2.0,2
7424u,7423i,4.0,2
7424u,323i,3.0,2
7425u,2406i,0.0,2
7425u,4283i,1.0,2
7425u,1127i,5.0,2
7425u,1344i,5.0,2
7425u,8163i,0.0,2
7425u,9128i,5.0,2
7425u,5467i,5.0,2
7425u,8407i,0.0,2
7425u,2397i,5.0,2
7425u,6331i,0.0,2
7425u,9873i,5.0,2
7425u,3949i,5.0,2
7425u,4572i,3.0,2
7425u,424i,5.0,2
7425u,2527i,5.0,2
7425u,6899i,5.0,2
7425u,1383i,3.0,2
7425u,4433i,4.0,2
7425u,3405i,5.0,2
7425u,89i,5.0,2
7425u,3778i,3.0,2
7425u,9973i,0.0,2
7425u,5645i,0.0,2
7425u,3976i,5.0,2
7425u,738i,0.0,2
7425u,8976i,5.0,2
7425u,1080i,5.0,2
7425u,1932i,5.0,2
7425u,4645i,0.0,2
7425u,9180i,0.0,2
7425u,7730i,0.0,2
7425u,8832i,5.0,2
7425u,4394i,0.0,2
7425u,9376i,5.0,2
7425u,6864i,5.0,2
7425u,3054i,3.0,2
7425u,8910i,5.0,2
7425u,5840i,5.0,2
7425u,7850i,0.0,2
7425u,255i,3.0,2
7425u,2099i,5.0,2
7425u,6191i,0.0,2
7425u,7734i,0.0,2
7425u,1757i,5.0,2
7425u,4068i,5.0,2
7425u,1188i,5.0,2
7425u,6098i,0.0,2
7425u,6507i,0.0,2
7425u,5134i,3.0,2
7425u,8724i,5.0,2
7425u,6070i,5.0,2
7425u,1662i,5.0,2
7425u,4719i,0.0,2
7425u,8249i,5.0,2
7425u,7697i,0.0,2
7425u,4779i,5.0,2
7425u,2066i,5.0,2
7425u,1773i,5.0,2
7425u,5350i,5.0,2
7425u,3351i,1.0,2
7425u,953i,5.0,2
7425u,1998i,0.0,2
7425u,8288i,1.0,2
7425u,6513i,3.0,2
7425u,947i,5.0,2
7425u,4439i,5.0,2
7425u,8441i,5.0,2
7425u,7423i,5.0,2
7425u,7616i,5.0,2
7425u,1369i,0.0,2
7425u,4557i,4.0,2
7425u,8103i,4.0,2
7425u,7889i,5.0,2
7425u,8216i,5.0,2
7425u,7011i,5.0,2
7425u,3029i,0.0,2
7425u,2240i,0.0,2
7425u,1129i,5.0,2
7435u,9101i,4.0,2
7444u,4283i,1.0,2
7456u,9101i,4.0,2
7462u,5980i,4.0,2
7462u,9101i,4.0,2
7474u,9101i,5.0,2
7481u,9101i,4.0,2
7486u,4859i,4.0,2
7486u,2086i,4.0,2
7493u,9101i,4.0,2
7507u,7059i,4.0,2
7507u,5408i,0.0,2
7507u,1942i,0.0,2
7507u,4358i,0.0,2
7507u,3572i,5.0,2
7507u,5350i,4.0,2
7507u,7764i,0.0,2
7507u,1483i,4.0,2
7507u,4859i,0.0,2
7507u,2731i,0.0,2
7507u,7147i,0.0,2
7507u,9796i,0.0,2
7507u,1002i,0.0,2
7507u,2264i,0.0,2
7507u,8163i,3.0,2
7507u,501i,0.0,2
7522u,5980i,4.0,2
7525u,9101i,5.0,2
7525u,24i,5.0,2
7525u,7004i,5.0,2
7525u,2040i,5.0,2
7525u,2305i,5.0,2
7525u,5535i,5.0,2
7541u,5980i,0.0,2
7541u,4210i,5.0,2
7541u,2222i,5.0,2
7541u,6448i,5.0,2
7541u,8916i,2.0,2
7541u,4283i,0.0,2
7586u,5980i,4.0,2
7586u,9101i,4.0,2
7599u,7697i,0.0,2
7599u,3577i,0.0,2
7601u,1483i,4.0,2
7601u,1127i,2.0,2
7601u,8588i,0.0,2
7601u,7567i,5.0,2
7601u,5350i,5.0,2
7601u,1103i,4.0,2
7601u,6356i,5.0,2
7601u,5441i,0.0,2
7601u,5006i,5.0,2
7601u,6899i,4.0,2
7601u,8163i,3.0,2
7601u,2552i,4.0,2
7601u,2111i,5.0,2
7601u,4656i,5.0,2
7601u,5857i,4.0,2
7601u,5073i,3.0,2
7601u,7764i,0.0,2
7601u,9265i,2.0,2
7601u,1093i,4.0,2
7601u,1570i,4.0,2
7601u,3747i,4.0,2
7601u,7699i,4.0,2
7601u,9619i,5.0,2
7614u,5980i,4.0,2
7614u,4653i,5.0,2
7614u,9101i,0.0,2
7614u,4017i,0.0,2
7614u,323i,4.0,2
7614u,5460i,3.0,2
7614u,684i,3.0,2
7614u,160i,3.0,2
7614u,2602i,0.0,2
7614u,1654i,0.0,2
7614u,9229i,0.0,2
7614u,9810i,0.0,2
7614u,3527i,0.0,2
7614u,2582i,1.0,2
7614u,6416i,0.0,2
7614u,8507i,5.0,2
7614u,1456i,3.0,2
7626u,9101i,4.0,2
7630u,4653i,3.0,2
7639u,5980i,4.0,2
7639u,616i,0.0,2
7640u,9101i,4.0,2
7665u,5980i,4.0,2
7665u,9101i,4.0,2
7671u,9101i,0.0,2
7671u,4653i,0.0,2
7671u,4283i,0.0,2
7671u,9398i,0.0,2
7671u,1383i,0.0,2
7671u,8163i,0.0,2
7692u,9459i,2.0,2
7692u,1242i,5.0,2
7692u,1127i,5.0,2
7715u,9101i,4.0,2
7723u,2056i,5.0,2
7725u,5980i,4.0,2
7725u,9101i,4.0,2
7770u,5980i,4.0,2
7770u,9101i,4.0,2
7781u,5980i,4.0,2
7791u,4283i,0.0,1
7791u,4653i,4.0,2
7791u,5980i,4.0,2
7805u,5980i,4.0,2
7805u,4767i,5.0,2
7805u,7863i,0.0,2
7825u,5980i,4.0,2
7825u,9101i,4.0,2
7848u,9101i,4.0,2
7848u,323i,0.0,2
7874u,4283i,0.0,1
7877u,5980i,4.0,2
7901u,5980i,4.0,2
7901u,4859i,2.0,2
7901u,2338i,2.0,2
7901u,1103i,0.0,2
7901u,8163i,0.0,2
7901u,1483i,1.0,2
7901u,5117i,0.0,2
7901u,5073i,0.0,2
7901u,4358i,3.0,2
7901u,83i,0.0,2
7916u,684i,4.0,2
7923u,659i,0.0,2
7923u,599i,0.0,2
7923u,511i,0.0,2
7923u,616i,2.0,2
7923u,323i,0.0,2
7923u,4653i,5.0,2
7929u,9101i,4.0,2
7946u,9101i,4.0,2
7949u,4283i,4.0,2
7949u,9459i,0.0,2
7949u,5718i,4.0,2
7949u,1302i,0.0,2
7949u,7147i,4.0,2
7958u,9101i,5.0,2
7958u,2984i,5.0,2
7958u,51i,5.0,2
7965u,4283i,0.0,2
7970u,5980i,3.0,2
7970u,9459i,2.0,2
7983u,5980i,4.0,2
8009u,1560i,0.0,2
8016u,9101i,4.0,2
8045u,9459i,5.0,2
8045u,4283i,1.0,2
8045u,5408i,3.0,2
8045u,7404i,5.0,2
8045u,4653i,5.0,2
8052u,9101i,5.0,2
8061u,9101i,4.0,0
8104u,5980i,4.0,2
8104u,9101i,4.0,2
8114u,5980i,4.0,2
8114u,9101i,4.0,2
8124u,9101i,4.0,2
8159u,9101i,4.0,2
8172u,8524i,3.0,2
8172u,6811i,3.0,2
8172u,6899i,3.0,2
8172u,6068i,2.0,2
8172u,4745i,3.0,2
8172u,3669i,4.0,2
8191u,9101i,4.0,2
8196u,9101i,4.0,2
8199u,684i,4.0,2
8199u,6817i,0.0,2
8199u,5980i,4.0,2
8199u,51i,3.0,2
8199u,7059i,5.0,2
8199u,1127i,4.0,2
8199u,5441i,0.0,2
8199u,8163i,0.0,2
8199u,6811i,0.0,2
8199u,8857i,4.0,2
8199u,7764i,0.0,2
8199u,8050i,0.0,2
8199u,416i,0.0,2
8199u,4358i,5.0,2
8199u,4859i,0.0,2
8199u,2815i,0.0,2
8199u,9290i,4.0,2
8199u,4283i,5.0,2
8199u,3475i,0.0,2
8199u,3375i,0.0,2
8199u,195i,0.0,2
8203u,9101i,4.0,2
8220u,5980i,4.0,2
8233u,5980i,4.0,2
8233u,9101i,4.0,2
8245u,9101i,5.0,2
8267u,6314i,0.0,2
8288u,9101i,0.0,2
8288u,5408i,0.0,2
8288u,5213i,0.0,2
8288u,4283i,0.0,2
8288u,9459i,0.0,2
8288u,1317i,0.0,2
8304u,9459i,5.0,2
8311u,4653i,1.0,2
8321u,5980i,4.0,2
8321u,9101i,4.0,2
8339u,4653i,4.0,2
8339u,9101i,4.0,2
8340u,4283i,0.0,2
8340u,1383i,4.0,2
8363u,1450i,3.0,2
8376u,9101i,4.0,2
8385u,5408i,5.0,2
8385u,4283i,0.0,2
8385u,323i,4.0,2
8386u,5980i,4.0,2
8409u,9101i,4.0,2
8413u,5980i,4.0,2
8448u,9101i,4.0,2
8458u,9101i,4.0,2
8458u,4283i,5.0,2
8469u,9101i,4.0,2
8477u,4283i,0.0,2
8510u,7876i,1.0,1
8510u,4283i,0.0,1
8510u,1383i,4.0,1
8510u,323i,4.0,2
8548u,567i,0.0,2
8577u,9101i,4.0,2
8577u,4283i,0.0,2
8585u,9101i,4.0,1
8612u,9101i,4.0,2
8612u,567i,0.0,2
8629u,1315i,4.0,1
8629u,1383i,4.0,1
8629u,4482i,0.0,1
8629u,3527i,0.0,1
8629u,5408i,4.0,2
8629u,7764i,0.0,2
8629u,3359i,4.0,2
8629u,78i,4.0,2
8646u,5408i,0.0,2
8659u,9101i,4.0,1
8659u,4653i,4.0,2
8659u,5408i,3.0,2
8659u,3124i,0.0,2
8659u,659i,4.0,2
8664u,9101i,4.0,2
8672u,4653i,5.0,2
8677u,323i,0.0,2
8677u,4283i,0.0,2
8677u,3669i,2.0,2
8677u,7453i,1.0,2
8677u,3783i,1.0,2
8677u,8320i,0.0,2
8677u,6925i,1.0,2
8677u,6828i,0.0,2
8677u,8049i,0.0,2
8677u,1568i,3.0,2
8677u,1383i,2.0,2
8677u,9101i,0.0,2
8677u,2260i,3.0,2
8677u,5894i,0.0,2
8677u,7659i,2.0,2
8677u,5441i,0.0,2
8677u,3419i,1.0,2
8677u,2562i,0.0,2
8677u,4557i,1.0,2
8677u,4119i,2.0,2
8677u,5661i,0.0,2
8677u,5624i,1.0,2
8689u,1456i,0.0,2
8689u,8507i,0.0,2
8689u,9459i,0.0,2
8701u,9101i,3.0,2
8701u,4283i,0.0,2
8701u,4653i,3.0,2
8701u,3012i,0.0,2
8701u,8826i,0.0,2
8701u,8874i,0.0,2
8701u,6690i,0.0,2
8701u,3917i,0.0,2
8722u,5980i,4.0,2
8728u,9459i,0.0,2
8728u,6190i,0.0,2
8728u,4283i,3.0,2
8728u,4071i,0.0,2
8728u,735i,0.0,2
8728u,1483i,0.0,2
8728u,5857i,0.0,2
8728u,9394i,0.0,2
8728u,7764i,0.0,2
8742u,1080i,5.0,2
8742u,9128i,5.0,2
8742u,936i,5.0,2
8742u,5441i,5.0,2
8742u,6353i,5.0,2
8742u,6995i,5.0,2
8742u,9518i,5.0,2
8742u,5857i,0.0,2
8742u,3669i,5.0,2
8742u,4603i,5.0,2
8742u,1457i,5.0,2
8742u,497i,5.0,2
8742u,6105i,5.0,2
8742u,4557i,5.0,2
8742u,3527i,0.0,2
8742u,2883i,5.0,2
8742u,2406i,0.0,2
8758u,7945i,1.0,1
8762u,5980i,4.0,2
8762u,9101i,4.0,2
8770u,3572i,3.0,1
8770u,9487i,2.0,1
8770u,1483i,1.0,1
8770u,2086i,0.0,1
8770u,5857i,0.0,1
8770u,7945i,3.0,1
8770u,4283i,1.0,1
8770u,5441i,2.0,1
8770u,6899i,0.0,2
8770u,3351i,1.0,2
8770u,8055i,0.0,2
8770u,7059i,1.0,2
8770u,659i,0.0,2
8770u,1118i,0.0,2
8770u,6502i,0.0,2
8777u,323i,3.0,2
8777u,5408i,5.0,2
8782u,9101i,4.0,2
8789u,4957i,0.0,1
8789u,5857i,2.0,1
8789u,1456i,3.0,1
8789u,6899i,3.0,1
8789u,5878i,0.0,1
8789u,9696i,0.0,1
8789u,3527i,0.0,1
8789u,9053i,0.0,1
8789u,2214i,5.0,1
8789u,6061i,0.0,1
8789u,9728i,0.0,1
8789u,446i,0.0,1
8789u,6940i,0.0,1
8789u,4283i,4.0,1
8789u,8447i,0.0,1
8789u,2502i,0.0,1
8789u,9339i,1.0,1
8789u,3956i,1.0,1
8789u,9321i,0.0,1
8789u,2184i,0.0,1
8789u,7040i,1.0,1
8789u,2695i,0.0,1
8789u,7773i,0.0,1
8789u,132i,0.0,1
8789u,6422i,0.0,1
8789u,7863i,3.0,1
8789u,2478i,2.0,1
8789u,6117i,1.0,1
8789u,160i,0.0,1
8789u,4885i,0.0,1
8789u,5121i,0.0,1
8789u,9558i,5.0,1
8789u,5980i,0.0,1
8789u,7744i,4.0,1
8789u,1850i,0.0,1
8789u,4837i,1.0,1
8789u,7567i,0.0,1
8789u,3943i,0.0,1
8789u,659i,0.0,2
8798u,9101i,4.0,2
8838u,4283i,0.0,2
8838u,5402i,4.0,2
8838u,3669i,0.0,2
8838u,4603i,5.0,2
8838u,5857i,3.0,2
8847u,5980i,4.0,1
8847u,446i,0.0,2
8873u,4283i,0.0,2
8880u,7451i,5.0,2
8886u,9101i,4.0,2
8903u,160i,4.0,2
8907u,5980i,4.0,2
8907u,9101i,4.0,2
8931u,5980i,2.0,2
8931u,2710i,0.0,2
8931u,4283i,3.0,2
8931u,4653i,4.0,2
8963u,5980i,4.0,2
8966u,1383i,5.0,2
9020u,9101i,4.0,2
9039u,9101i,0.0,2
9039u,4283i,0.0,2
9039u,8320i,1.0,2
9039u,7443i,3.0,2
9039u,1457i,3.0,2
9039u,5613i,3.0,2
9039u,1590i,3.0,2
9039u,7945i,1.0,2
9039u,1542i,4.0,2
9039u,9810i,4.0,2
9039u,6376i,4.0,2
9039u,7996i,2.0,2
9039u,1080i,2.0,2
9039u,8437i,2.0,2
9039u,773i,3.0,2
9039u,7766i,0.0,2
9042u,7077i,0.0,2
9042u,4283i,0.0,2
9043u,9101i,4.0,2
9067u,5980i,4.0,2
9067u,9101i,4.0,2
9105u,6899i,3.0,2
9105u,2669i,5.0,2
9105u,5857i,5.0,2
9105u,9278i,4.0,2
9106u,9101i,4.0,2
9119u,5980i,0.0,2
9119u,2250i,4.0,2
9119u,4283i,3.0,2
9119u,1483i,0.0,2
9119u,4482i,0.0,2
9119u,2478i,4.0,2
9119u,8288i,0.0,2
9131u,5980i,4.0,2
9195u,9101i,4.0,2
9212u,5980i,4.0,2
9212u,9101i,4.0,2
9212u,4283i,3.0,2
9247u,9101i,5.0,2
9247u,323i,5.0,2
9247u,8507i,5.0,2
9247u,4653i,5.0,2
9247u,5408i,5.0,2
9247u,160i,5.0,2
9247u,1315i,5.0,2
9247u,616i,5.0,2
9247u,1301i,5.0,2
9247u,8606i,5.0,2
9247u,6690i,5.0,2
9247u,78i,5.0,2
9247u,684i,5.0,2
9247u,2003i,5.0,2
9247u,1396i,5.0,2
9247u,1456i,5.0,2
9247u,6648i,5.0,2
9272u,5408i,0.0,2
9272u,5857i,0.0,2
9290u,9398i,4.0,2
9290u,9286i,2.0,2
9290u,4919i,5.0,2
9308u,9101i,2.0,2
9313u,4283i,2.0,2
9324u,9101i,1.0,1
9339u,9290i,4.0,2
9339u,446i,0.0,2
9340u,567i,1.0,2
9342u,4283i,3.0,2
9342u,5980i,0.0,2
9342u,1450i,1.0,2
9342u,1717i,1.0,2
9354u,684i,5.0,2
9354u,9101i,3.0,2
9354u,4653i,1.0,2
9378u,5980i,4.0,2
9391u,446i,0.0,1
9391u,323i,4.0,1
9391u,8585i,4.0,1
9391u,8971i,0.0,2
9395u,7077i,5.0,2
9426u,5980i,4.0,2
9449u,355i,5.0,2
9449u,4653i,0.0,2
9449u,5980i,0.0,2
9449u,9018i,0.0,2
9449u,8741i,5.0,2
9449u,5857i,5.0,2
9449u,5844i,4.0,2
9449u,1383i,0.0,2
9449u,1483i,0.0,2
9449u,6811i,0.0,2
9449u,3386i,0.0,2
9449u,4548i,0.0,2
9449u,4990i,0.0,2
9449u,3778i,0.0,2
9459u,9101i,4.0,2
9471u,9101i,4.0,2
9483u,9101i,4.0,2
9496u,9101i,4.0,2
9517u,4283i,3.0,2
9543u,4497i,0.0,2
9543u,8814i,0.0,2
9543u,7764i,3.0,2
9543u,5920i,4.0,2
9543u,9459i,1.0,2
9543u,4017i,0.0,2
9574u,9101i,4.0,2
9587u,2086i,4.0,1
9587u,7945i,4.0,1
9588u,6899i,5.0,2
9588u,4659i,0.0,2
9616u,8144i,5.0,2
9676u,4283i,5.0,2
9676u,6899i,5.0,2
9676u,567i,2.0,2
9717u,4653i,5.0,2
9724u,5980i,4.0,2
9724u,9101i,4.0,2
9725u,5980i,4.0,2
9726u,4283i,0.0,2
9738u,4283i,0.0,2
9741u,9398i,0.0,1
9741u,4283i,0.0,1
9741u,6513i,0.0,1
9741u,9148i,0.0,1
9753u,5980i,0.0,2
9771u,684i,5.0,1
9805u,9101i,4.0,2
9812u,5980i,4.0,2
9812u,9101i,4.0,2
9818u,9101i,4.0,2
9819u,9101i,4.0,2
9826u,6480i,1.0,1
9826u,9207i,2.0,1
9826u,9101i,4.0,1
9826u,1757i,4.0,1
9826u,2214i,3.0,1
9826u,3359i,0.0,1
9826u,4629i,3.0,1
9826u,7034i,4.0,1
9826u,8423i,4.0,1
9826u,7744i,0.0,1
9826u,4487i,2.0,1
9826u,4811i,1.0,1
9826u,4922i,0.0,1
9826u,5472i,0.0,1
9826u,7902i,0.0,1
9826u,3669i,1.0,1
9826u,335i,0.0,1
9826u,1456i,3.0,1
9826u,1265i,5.0,1
9826u,5857i,4.0,1
9826u,1450i,0.0,1
9826u,4725i,4.0,1
9826u,4068i,4.0,1
9826u,7127i,0.0,1
9826u,1404i,0.0,1
9826u,8094i,0.0,1
9826u,1845i,1.0,1
9826u,2133i,0.0,1
9826u,5603i,3.0,1
9826u,9870i,3.0,1
9826u,5980i,0.0,1
9826u,9916i,0.0,1
9826u,6984i,0.0,1
9826u,5304i,2.0,1
9826u,9596i,0.0,1
9826u,2368i,4.0,1
9826u,4102i,5.0,2
9826u,8408i,3.0,2
9826u,2927i,4.0,2
9826u,6834i,3.0,2
9826u,7004i,0.0,2
9826u,684i,3.0,2
9826u,6159i,0.0,2
9826u,9018i,0.0,2
9826u,7764i,4.0,2
9836u,5980i,4.0,2
9836u,4283i,4.0,2
9839u,9101i,4.0,2
9844u,6061i,0.0,2
9844u,9591i,0.0,2
9866u,5980i,4.0,2
9879u,3669i,0.0,2
9907u,4283i,4.0,2
9907u,4653i,0.0,2
9981u,9101i,4.0,2
